"Post #","Pinterest board","Title","Description","Alt Text","AI Prompt","In-App Text Hook","Status","Posting Day","Slot","SL Post Time","Landing Page"
"1","Future Living & Off-Grid Tech","Bushcraft Timber Frame Shelter | Off-Grid Basecamp 2026","Save this for your off-grid basecamp and wilderness shelter board. A timber frame shelter earns its keep when the joinery is tight enough to shrug off a week of rain without a tarp. This hand-cut Douglas fir A-frame sits on a stone-and-timber sill above a creek in the Cascade foothills, its open front framing a view of mist-covered ridges. A small EcoFlow Delta Pro 2 sits on a rough timber shelf inside with its green LED steady, powering a reading light and a water pump from a compact solar panel bolted to the south-facing rafter. A fire ring of granite cobbles sits just outside the open wall, and a split-log bench keeps the interior uncluttered. The joinery is visible from outside, the rafter tails cut with a traditional birds-mouth, and the whole thing reads as something built to stay rather than a weekend camp project. The full timber selection guide and joinery notes are on the blog. Save this before it disappears from your feed. #TimberFrame #OffGridLiving #BushcraftShelter #WildernessBascamp #EcoFlow #FutureLiving #CascadeMountains","A hand-cut Douglas fir A-frame shelter sits on a stone sill above a Cascade creek, with visible birds-mouth joinery, an EcoFlow Delta Pro 2 on a timber shelf, a fire ring, and mist-covered ridges behind.","Hyper-realistic 9:16 vertical photo, Style A Quiet Luxury. Hand-cut Douglas fir A-frame timber shelter on stone-and-timber sill above a Cascade foothills creek, open front framing mist-covered ridges, visible birds-mouth joinery on rafter tails, EcoFlow Delta Pro 2 on rough timber shelf with green LED, compact solar panel on south-facing rafter, granite cobble fire ring just outside, split-log bench inside, overcast Pacific Northwest morning light, no people visible, 8k, cinematic photography style.","Cut tight. Stays dry.","Ready","Day 1 — Monday October 6, 2026","Slot-1","7:30am","https://future.lumicore-labs.com/off-grid?utm_source=pinterest&utm_medium=organic&utm_campaign=v30_pin_01"
"2","Halloween Home Decor & DIY","Smoked Glass Cloche Centrepiece | Modern Halloween Table 2026","Save this for your elevated Halloween home decor and modern table styling board. Arrange three smoked-glass cloches in descending heights, place a single dried honesty stem or small skeletal botanical inside each, and light them from below with a thin disc of warm LED. The strongest seasonal styling works because it uses a clear material story rather than a pile of novelty objects. Smoked glass keeps the interior visible but softened, which makes ordinary dried plant material look rare and deliberate. Line the cloches along the centre of a dining table with nothing else on the runner, and the grouping reads as a considered collection rather than a themed display. Aged brass, deep charcoal, warm ivory, and dusty sage make the palette work across the whole room so the centrepiece does not look isolated. The effect holds for the full month without wilting. The full stem sourcing list and LED placement guide are on the blog. Save this before it disappears from your feed. #HalloweenDecor #ModernHalloween #TableStyling #AutumnDecor #SmokeyGlass #HalloweenHome","Three smoked-glass cloches in descending heights, each containing a dried botanical stem and lit from below by warm LED discs, sit along a bare dining table runner as a modern Halloween centrepiece.","Hyper-realistic 9:16 vertical editorial home photograph, Style A Quiet Luxury. Three smoked-glass cloches in descending heights along a bare dining table, each containing a single dried honesty stem or skeletal botanical, warm LED disc beneath each cloche casting soft amber uplight, aged brass, deep charcoal, warm ivory, dusty sage palette, uncluttered table surface, warm ambient evening light, no people visible, no text, no logos, 8k, cinematic photography style.","Inside the glass. Worth a look.","Ready","Day 1 — Monday October 6, 2026","Slot-2","9:30am","https://future.lumicore-labs.com/halloween?utm_source=pinterest&utm_medium=organic&utm_campaign=v30_pin_02"
"3","Future Living & Off-Grid Tech","Underground Rainwater Cistern System | Off-Grid Water 2026","Save this for your off-grid water and rainwater harvesting board. A buried cistern is the most reliable water supply a homestead can have once it is sized correctly and the collection surface is clean. This New Zealand hillside property uses a 10,000-litre precast concrete cistern buried below the frost line, fed from a steel roof via first-flush diverters and a UV filter mounted at the tank inlet. A 12V DC pump powered by an EcoFlow Delta Pro runs the house pressure, and a float valve manages overflow to a downhill swale. The inspection hatch and vent pipe are visible above grade, and the whole system sits between two raised vegetable beds so the excavation footprint earned its keep twice. The collection math, filter spec, and pump wiring diagram are all on the blog. Save this before it disappears from your feed. #RainwaterHarvesting #OffGridWater #Cistern #HomesteadWater #EcoFlow #FutureLiving #OffGridLiving","A buried concrete cistern below a New Zealand hillside homestead with a steel roof, first-flush diverters, UV filter, and EcoFlow-powered 12V pump is visible with inspection hatch and overflow swale.","Hyper-realistic 9:16 vertical photo, Style A Quiet Luxury. New Zealand hillside homestead with precast concrete rainwater cistern partially buried between raised vegetable beds, steel corrugated roof with first-flush diverters and UV filter at tank inlet visible, 12V DC pump and EcoFlow Delta Pro inside a small timber pump house with green LED, inspection hatch and vent pipe above grade, overflow swale downhill, soft overcast Pacific light, no people visible, 8k, cinematic photography style.","Sized right. Buried smart.","Ready","Day 1 — Monday October 6, 2026","Slot-3","11:00am","https://future.lumicore-labs.com/off-grid?utm_source=pinterest&utm_medium=organic&utm_campaign=v30_pin_03"
"4","Smart Pet Wellness | Eco-Tech & Quiet Luxury","Maine Coon Glass Cabin Morning | Indoor Luxury Cat 2026","Save this for your indoor luxury cat and glass architecture board. The Maine Coon is the largest domestic cat breed, with a dense lion-like ruff, long tufted paws, and a bushy tail nearly as long as its body, which means it occupies a room differently from most cats. This large silver-tabby Maine Coon sits on a wide window ledge in a glass-walled woodland cabin at dawn, its ruff lit from behind by soft early light filtering through birch trees. A thin layer of autumn mist softens the treeline behind the glass while the cat sits perfectly still, watching something outside the frame. The paw tufts and ear furnishings catch the back-light, making the coat edges glow without losing the silver-tabby pattern underneath. A clean timber ledge and empty glass keep the composition entirely about the cat and the light, with nothing staged around it to compete. The portrait should feel calm, rare, and completely honest about the breed's scale. Save this before it disappears from your feed. #MaineCoon #IndoorLuxury #CatPhotography #GlassCabin #WoodlandHome #PetWellness","A large silver-tabby Maine Coon with a full ruff, tufted paws, and long tail sits on a wide window ledge in a glass woodland cabin at dawn, backlit by birch light through autumn mist.","Hyper-realistic 9:16 vertical photo, Style A Quiet Luxury. Large silver-tabby Maine Coon with dense lion-like ruff, long tufted paws, and bushy tail sitting on a wide window ledge in a glass-walled woodland cabin, soft dawn back-light through birch trees and thin autumn mist, paw tufts and ear furnishings glowing at edges, clean timber ledge, empty glass, calm watchful gaze toward off-frame subject, no people visible, 8k, cinematic photography style.","Scale and stillness.","Ready","Day 1 — Monday October 6, 2026","Slot-4","12:30pm","https://future.lumicore-labs.com/pet-wellness?utm_source=pinterest&utm_medium=organic&utm_campaign=v30_pin_04"
"5","Future Living & Off-Grid Tech","Shipping Container Pool Deck | Off-Grid Backyard 2026","Save this for your container architecture and off-grid backyard build board. A decommissioned shipping container makes a structurally sound pool shell once the cut openings are reinforced and the interior is coated with a marine-grade liner. This 40-foot high-cube container sits partially in-ground on a New Mexico property, its long side open to an ipe timber deck with two container-depth lounge chairs and an outdoor shower fed from a solar hot water panel on the container roof. An EcoFlow Delta Pro 2 inside the container powers the pump and the strip lighting under the deck lip, its green LED visible through a ventilation grille. The container's corrugated exterior is left raw, painted a single coat of charcoal, with native agave and gravel replacing turf on three sides. The full excavation spec, liner notes, and pump wiring are on the blog. Save this before it disappears from your feed. #ContainerPool #ShippingContainer #OffGridBackyard #ContainerArchitecture #EcoFlow #FutureLiving #PoolBuild","A 40-foot high-cube shipping container converted into a pool sits partially in-ground on a New Mexico property, with an ipe timber deck, lounge chairs, solar hot water panel, EcoFlow Delta Pro 2, and charcoal-painted exterior.","Hyper-realistic 9:16 vertical photo, Style A Quiet Luxury. 40-foot high-cube shipping container pool partially in-ground, charcoal-painted corrugated exterior, ipe timber deck with two lounge chairs along open long side, outdoor shower from solar hot water panel on container roof, EcoFlow Delta Pro 2 inside with green LED through ventilation grille, deck strip lighting, native agave and gravel landscaping on three sides, harsh New Mexico noon light, no people visible, 8k, cinematic photography style.","The container earns its place.","Ready","Day 1 — Monday October 6, 2026","Slot-5","2:00pm","https://future.lumicore-labs.com/off-grid?utm_source=pinterest&utm_medium=organic&utm_campaign=v30_pin_05"
"6","Halloween Home Decor & DIY","Dried Wheat Sheaf Front Door Wreath | Autumn Halloween 2026","Save this for your elevated Halloween home decor and seasonal front door board. Bind a generous bundle of dried wheat into a flat-backed sheaf wreath, add a few stems of burgundy dahlias or dried pampas at the top, and hang it low on a charcoal front door with a wide linen ribbon. The strongest seasonal styling works because it uses a clear material story rather than a pile of novelty objects. A wheat sheaf wreath works from mid-September through to November without looking dated because it anchors in harvest rather than in specific Halloween imagery. Charcoal door, warm ivory wheat, deep burgundy floral accent, and linen ribbon make a palette that photographs well in daylight and lamp light alike. Hang it at eye height so the texture registers as people approach, not as an afterthought overhead. The sourcing list and binding method are on the blog. Save this before it disappears from your feed. #AutumnWreath #HalloweenDecor #FrontDoorStyling #HarvestDecor #ModernHalloween #SeasonalHome","A generous dried wheat sheaf wreath with burgundy dahlia accents hangs low on a charcoal front door with a wide linen ribbon.","Hyper-realistic 9:16 vertical editorial home photograph, Style A Quiet Luxury. Generous dried wheat sheaf wreath with burgundy dahlia and dried pampas accents hanging low on a charcoal front door, wide linen ribbon, warm afternoon side light on wheat texture, uncluttered porch setting, aged brass house numbers, deep charcoal, warm ivory, burgundy, and linen palette, no people visible, no text, no logos, 8k, cinematic photography style.","Wheat and burgundy. That is it.","Ready","Day 1 — Monday October 6, 2026","Slot-6","3:30pm","https://future.lumicore-labs.com/halloween?utm_source=pinterest&utm_medium=organic&utm_campaign=v30_pin_06"
"7","Build. Scale. Ship. — Software Studio","Your Client Invoices Are Chasing Themselves | Service Business Software 2026","Save this for your small business software and operations board. Invoice follow-up chaos: automated payment reminders, overdue escalation, partial payment tracking, and client communication log. The visible symptoms are familiar: a business owner sends the same reminder email three times by hand, a payment sits 45 days overdue before anyone notices, and chasing money replaces doing work. A professional software studio starts by mapping the expensive friction, then connects the smallest set of steps that removes it. That can mean an automated reminder sequence, an overdue escalation rule, a partial payment tracker, or a simple client communication log tied to each invoice. The goal is not more technology for its own sake. The goal is fewer avoidable errors, faster cash collection, and more time spent on billable work instead of chasing it. Save this before it disappears from your feed. #BuildScaleShip #SmallBusiness #InvoiceSoftware #TechConsulting #BusinessAutomation #CashFlow","Dark charcoal business infographic about client invoices chasing themselves | service business software 2026. White heading, amber explanatory line, red problem panel, teal solution panel, and green outcome statement in a clean vertical grid.","Hyper-realistic 9:16 vertical editorial infographic, Style B Dynamic Viral. Deep charcoal background #0d0d1a. Bold white headline: Your Client Invoices Are Chasing Themselves. Amber subtitle describing the cash flow cost. Red problem column showing manual follow-up failure points. Teal solution column: automated payment reminders, overdue escalation, partial payment tracking, and client communication log. Green footer: Automated follow-up recovers the money. Clean high-contrast founder layout, no photo, no people, 8k.","Stop chasing. Automate it.","Ready","Day 1 — Monday October 6, 2026","Slot-7","5:00pm",""
"8","Halloween Home Decor & DIY","Leaning Branch Ladder Staircase Decor | Indoor Halloween 2026","Save this for your elevated Halloween home decor and indoor staircase styling board. Stand a tall, bare birch branch ladder against a staircase wall and drape dried bittersweet, mini pumpkins, and a length of black gauze ribbon down its rungs. The strongest seasonal styling works because it uses a clear material story rather than a pile of novelty objects. A branch ladder makes a large-scale vertical gesture in a staircase without attaching anything to the wall and without spending much. The key is choosing a branch that is visibly asymmetric and honest in shape rather than a perfectly uniform dowel, and letting the bittersweet trail naturally rather than arranging it precisely. Aged brass, deep rust, warm ivory, and charcoal complete the palette without competing with the staircase architecture. The sourcing and branch-finding method are on the blog. Save this before it disappears from your feed. #HalloweenDecor #IndoorHalloween #StaircaseStyling #AutumnDecor #ModernHalloween #HalloweenHome","A tall bare birch branch ladder leans against a staircase wall draped with dried bittersweet, mini pumpkins, and a trailing black gauze ribbon.","Hyper-realistic 9:16 vertical editorial home photograph, Style A Quiet Luxury. Tall asymmetric bare birch branch ladder leaning against a light plaster staircase wall, dried bittersweet and mini pumpkins draped over the rungs, black gauze ribbon trailing naturally, warm amber stair lighting from below, aged brass stair rail, deep charcoal, warm ivory, rust, and natural wood palette, uncluttered composition, no people visible, no text, no logos, 8k, cinematic photography style.","The branch does the work.","Ready","Day 1 — Monday October 6, 2026","Slot-8","5:45pm","https://future.lumicore-labs.com/halloween?utm_source=pinterest&utm_medium=organic&utm_campaign=v30_pin_08"
"9","Future Living & Off-Grid Tech","Rammed Earth Passive Solar Studio | Off-Grid Energy 2026","Save this for your passive solar and rammed earth architecture board. A rammed earth wall is not just a material choice, it is a thermal strategy. This New Mexico studio uses 600mm rammed earth walls on the south and west faces as thermal mass, backed by a clerestory window band along the north roofline to bring soft diffused light in without solar gain. An EcoFlow Pro system handles after-hours power from a rooftop array, with its status panel visible behind the writing desk. The studio floor is polished concrete over a sand and gravel sub-base, which adds another thermal layer. No air conditioning, no gas connection, and a measured heating bill that pays back the extra construction cost within seven years are the stated brief. The full passive design analysis and material cost breakdown are on the blog. Save this before it disappears from your feed. #RammedEarth #PassiveSolar #OffGridEnergy #StudioBuild #EcoFlow #FutureLiving #NewMexico","A rammed earth passive solar studio in New Mexico with 600mm south and west walls, a clerestory north window band, polished concrete floor, and an EcoFlow Pro system behind a writing desk.","Hyper-realistic 9:16 vertical photo, Style A Quiet Luxury. New Mexico rammed earth studio with 600mm textured wall faces showing exposed earth layers in warm ochre and terracotta tones, clerestory window band along north roofline with diffuse soft light, polished concrete floor, writing desk with EcoFlow Pro status panel visible, rooftop solar array, minimal interior with natural material palette, harsh desert noon light on exterior, no people visible, 8k, cinematic photography style.","Mass stores the heat. Glass lets it in.","Ready","Day 1 — Monday October 6, 2026","Slot-9","6:30pm","https://future.lumicore-labs.com/off-grid?utm_source=pinterest&utm_medium=organic&utm_campaign=v30_pin_09"
"10","Smart Pet Wellness | Eco-Tech & Quiet Luxury","Samoyed Icelandic Black Sand Sprint | Adventure Dog 2026","Save this for your adventure dog and volcanic landscape photography board. The Samoyed is built for cold with a double-layer white coat, a permanently upturned mouth line, and a tail that curls tight to the back. Against Icelandic black sand it is one of the most graphic contrasts in dog photography, white coat against black basalt. This Samoyed runs full stride along a black sand beach below the Jökulsárlón ice lagoon, ears back, mouth open, plume tail streaming. A pale blue iceberg calved from the lagoon sits in the background, and the Vatnajökull glacier cap fills the horizon. Arctic light at 10am in October makes the coat luminous without washing it out, and the volcanic sand texture is legible beneath the pawprints. No leash or handler, no distractions in the frame. Save this before it disappears from your feed. #AdventureDog #Samoyed #DogPhotography #Iceland #BlackSandBeach #ArcticDog","A white Samoyed sprints along an Icelandic black sand beach with a calved iceberg and Vatnajökull glacier behind it, ears back and tail streaming.","Hyper-realistic 9:16 vertical photo, Style A Quiet Luxury. White Samoyed with dense double-layer coat and curled tail caught in full sprint along Icelandic black sand beach below Jökulsárlón ice lagoon, ears flattened, mouth open, plume tail streaming, pale blue iceberg and Vatnajökull glacier cap on horizon, pawprint trail in wet black sand, Arctic October morning light at low angle, no leash, no people, 8k, cinematic photography style.","White coat. Black sand.","Ready","Day 1 — Monday October 6, 2026","Slot-10","7:15pm","https://future.lumicore-labs.com/pet-wellness?utm_source=pinterest&utm_medium=organic&utm_campaign=v30_pin_10"
"11","Halloween Home Decor & DIY","Black Taper Candle Mantel Display | Dark Aesthetic Halloween 2026","Save this for your elevated Halloween home decor and dark aesthetic mantel board. Line a fireplace mantel with nine black taper candles at three heights, add a single trailing dried eucalyptus branch on one side, and place two matte-black pumpkins low on the hearth. The strongest seasonal styling works because it uses a clear material story rather than a pile of novelty objects. Nine candles create enough repetition to feel intentional, the height variation stops it looking like a shop window, and a trailing eucalyptus branch breaks the symmetry without adding clutter. Keep the rest of the mantel completely empty. Charcoal, matte black, warm ivory, aged brass, and dried silver-green make this palette refined enough to stay up for the full month. The candle height groupings and eucalyptus sourcing are on the blog. Save this before it disappears from your feed. #HalloweenDecor #DarkAesthetic #MantelStyling #ModernHalloween #AutumnDecor #HalloweenHome","Nine black taper candles at three heights line a fireplace mantel with a trailing dried eucalyptus branch and two matte-black pumpkins on the hearth below.","Hyper-realistic 9:16 vertical editorial home photograph, Style A Quiet Luxury. Nine black taper candles at three staggered heights lined along a white marble fireplace mantel, trailing dried eucalyptus branch breaking symmetry on one side, two matte-black pumpkins on the hearth below, warm amber candlelight, empty mantel surface otherwise, charcoal, matte black, aged brass, warm ivory, dried silver-green palette, no people visible, no text, no logos, 8k, cinematic photography style.","Nine candles. One branch. Done.","Ready","Day 1 — Monday October 6, 2026","Slot-11","8:00pm","https://future.lumicore-labs.com/halloween?utm_source=pinterest&utm_medium=organic&utm_campaign=v30_pin_11"
"12","Future Living & Off-Grid Tech","Micro Hydro Creek Power System | Off-Grid Energy 2026","Save this for your micro hydro and off-grid energy board. A small year-round creek is the most reliable power source a rural property can have, producing consistent watts regardless of cloud cover or seasonal shade. This Vermont maple farm uses a 2-inch penstock pipe running 80 vertical feet from a rock-box intake to a 500W Pelton turbine in a small timber generator shed. The output charges a battery bank managed by an EcoFlow Pro 3 with its status screen visible above a simple charge controller panel. The excess flows year-round, even through winter, while a 600W solar backup provides cover during the rare dry season low-flow weeks. The intake design, pipe sizing, and turbine selection notes are all on the blog. Save this before it disappears from your feed. #MicroHydro #OffGridEnergy #RuralPower #HydroElectric #EcoFlow #FutureLiving #Vermont","A 2-inch penstock pipe runs to a timber generator shed on a Vermont maple farm housing a 500W Pelton turbine and EcoFlow Pro 3 battery system, with a rock-box intake and year-round creek above.","Hyper-realistic 9:16 vertical photo, Style A Quiet Luxury. Vermont maple farm micro hydro system, 2-inch black penstock pipe running down a rocky hillside through autumn maple trees to a small cedar-clad generator shed, interior showing 500W Pelton turbine and EcoFlow Pro 3 with status screen above charge controller panel, creek rock-box intake at top of frame, red-gold maple foliage, overcast October diffuse light, no people visible, 8k, cinematic photography style.","Creek runs. Power flows.","Ready","Day 1 — Monday October 6, 2026","Slot-12","8:45pm","https://future.lumicore-labs.com/off-grid?utm_source=pinterest&utm_medium=organic&utm_campaign=v30_pin_12"
"13","Future Living & Off-Grid Tech","Polycarbonate Greenhouse Tiny Home Addition | Off-Grid Extension 2026","Save this for your greenhouse architecture and off-grid home extension board. Attaching a lean-to greenhouse to the south face of a small home solves three problems at once: it extends the living area in winter without heating it directly, it produces food, and the thermal mass of the growing beds buffers temperature swings inside the main house. This Maine farmhouse uses a 4m-wide lean-to with polycarbonate glazing on two faces and a timber frame, filled with raised beds of winter greens and a single lemon tree in a clay pot. An EcoFlow Delta Pro manages supplemental heat and the grow lights on a timer, its green LED visible on a pine shelf beside the door. The full heat transfer modelling and bed layout are on the blog. Save this before it disappears from your feed. #GreenhouseHome #OffGridExtension #PassiveGreenhouse #TinyHome #EcoFlow #FutureLiving #Maine","A 4m polycarbonate lean-to greenhouse attached to a Maine farmhouse south wall has raised winter greens beds, a lemon tree, and an EcoFlow Delta Pro on a pine shelf.","Hyper-realistic 9:16 vertical photo, Style A Quiet Luxury. Maine farmhouse with 4m-wide polycarbonate lean-to greenhouse on south wall, timber frame with two glazed faces, raised beds of winter greens and a lemon tree in a clay pot, EcoFlow Delta Pro on pine shelf beside door with green LED, autumn light filtering through polycarbonate, snow on the main roof, interior warm against grey sky, no people visible, 8k, cinematic photography style.","Grow space. Heat buffer. Both.","Ready","Day 2 — Tuesday October 7, 2026","Slot-1","7:30am","https://future.lumicore-labs.com/off-grid?utm_source=pinterest&utm_medium=organic&utm_campaign=v30_pin_13"
"14","Halloween Home Decor & DIY","Witch Hazel Branch Vase Centrepiece | Autumn Halloween Decor 2026","Save this for your elevated Halloween home decor and autumn botanical board. Cut three long witch hazel branches in their late-October leaf-and-flower state, arrange them loosely in a large ceramic crock, and place the crock on an unset dining table with two amber candles either side. The strongest seasonal styling works because it uses a clear material story rather than a pile of novelty objects. Witch hazel in late October produces small golden spider flowers among the turning leaves, which makes it both botanical and strange-looking without requiring any additional props. The arrangement should feel gathered rather than arranged, which means unequal branch lengths and a crock that is too heavy to tip. Charcoal, aged brass, warm ivory, and the natural amber-gold of the flowers complete the palette without additions. The sourcing guide is on the blog. Save this before it disappears from your feed. #HalloweenDecor #AutumnBotanical #WitchHazel #TableStyling #ModernHalloween #HalloweenHome","Three tall witch hazel branches with golden spider flowers and turning leaves stand loosely in a ceramic crock on a bare dining table with two amber candles.","Hyper-realistic 9:16 vertical editorial home photograph, Style A Quiet Luxury. Three tall witch hazel branches with small golden spider flowers and turning amber-gold leaves arranged loosely in a heavy stone ceramic crock, placed on a bare unset dining table, two amber pillar candles on either side, warm evening side light, charcoal, aged brass, warm ivory, natural gold palette, uncluttered dining room, no people visible, no text, no logos, 8k, cinematic photography style.","Golden flowers. October strange.","Ready","Day 2 — Tuesday October 7, 2026","Slot-2","9:30am","https://future.lumicore-labs.com/halloween?utm_source=pinterest&utm_medium=organic&utm_campaign=v30_pin_14"
"15","Future Living & Off-Grid Tech","Straw Bale Studio Build | Off-Grid Natural Building 2026","Save this for your natural building and straw bale architecture board. Straw bale walls achieve R-30 to R-45 insulation in a single construction step and use a material that would otherwise be burned or composted. This Montana studio uses load-bearing straw bale on three sides, with a timber post-and-beam on the south wall to carry the rafter load and allow full glazing. The exterior render is lime, applied in three coats to a pale cream, and the interior is a warm ochre clay plaster that smooths the bale irregularities. An EcoFlow Delta Pro 3 manages power from a south-facing solar array, visible on the glazed south wall extension. The full bale layout, moisture management details, and render spec are on the blog. Save this before it disappears from your feed. #StrawBale #NaturalBuilding #OffGridStudio #EcoFlow #FutureLiving #Montana #LimeRender","A Montana straw bale studio with lime render exterior, clay plaster interior, south-facing timber post-and-beam glazed wall, and EcoFlow Delta Pro 3 from a rooftop solar array.","Hyper-realistic 9:16 vertical photo, Style A Quiet Luxury. Montana straw bale studio under construction and complete, load-bearing bales visible where lime render is partially applied showing straw texture, pale cream lime render exterior, south wall timber post-and-beam with full glazing, EcoFlow Delta Pro 3 on interior shelf with green LED, warm ochre clay plaster interior walls, snow-capped mountain background, golden October late-afternoon light, no people visible, 8k, cinematic photography style.","Straw does the insulating. Lime does the weather.","Ready","Day 2 — Tuesday October 7, 2026","Slot-3","11:00am","https://future.lumicore-labs.com/off-grid?utm_source=pinterest&utm_medium=organic&utm_campaign=v30_pin_15"
"16","Smart Pet Wellness | Eco-Tech & Quiet Luxury","Bengal Cat Kauai Lanai Morning | Indoor Luxury Cat 2026","Save this for your indoor luxury cat and tropical architecture board. The Bengal carries a coat patterned after the Asian leopard cat, with high-contrast rosettes on a warm tawny background, and it is one of the few domestic breeds that reads as genuinely wild rather than decorative. This large brown-rosetted Bengal sits on the railing of a Kauai lanai at first light, its rosette pattern lit from behind by the low gold sun coming off the Pacific. Trade wind moves through the railing, and the cat remains completely still watching the treeline below. Plumeria branches frame the corner of the lanai and a surfboard leans against the wall, but neither crowds the cat. The portrait should feel alert, warm, and tropical without staging anything that would not normally be there. Save this before it disappears from your feed. #Bengal #IndoorLuxury #CatPhotography #KauaiLanai #TropicalHome #PetWellness","A large brown-rosetted Bengal cat sits on a Kauai lanai railing at first light, rosette pattern backlit by Pacific sunrise, plumeria branches and a surfboard visible.","Hyper-realistic 9:16 vertical photo, Style A Quiet Luxury. Large brown-rosetted Bengal cat with high-contrast leopard-cat rosette pattern sitting on the railing of a Kauai lanai, low Pacific sunrise back-light making rosettes glow, trade wind in nearby plumeria branches, surfboard leaning against lanai wall, alert watchful gaze at treeline below, warm tropical morning palette, no people visible, 8k, cinematic photography style.","Rosette coat. Pacific dawn.","Ready","Day 2 — Tuesday October 7, 2026","Slot-4","12:30pm","https://future.lumicore-labs.com/pet-wellness?utm_source=pinterest&utm_medium=organic&utm_campaign=v30_pin_16"
"17","Future Living & Off-Grid Tech","Earthship Greenhouse Tyre Wall | Off-Grid Passive House 2026","Save this for your earthship and passive house off-grid board. An earthship works because the tyre walls are thermal mass that holds heat overnight without mechanical assistance, and the south-facing greenhouse removes the perceived austerity of living in a buried structure. This New Mexico earthship uses compacted tyre walls on three sides with a full south-facing greenhouse, growing tomatoes, herbs, and dwarf citrus through the winter. An EcoFlow Delta Pro 2 stack handles lighting and appliances from the integrated south-roof solar, visible through the greenhouse glazing. The living area behind the greenhouse wall reads as a warm, lit room rather than a bunker, with clay render and timber shelving keeping the interior human. The construction sequence, tyre compaction method, and plant list are on the blog. Save this before it disappears from your feed. #Earthship #PassiveHouse #TyreWall #OffGridLiving #EcoFlow #FutureLiving #NewMexico","A New Mexico earthship with compacted tyre walls, a full south-facing greenhouse growing tomatoes and citrus, and an EcoFlow Delta Pro 2 stack visible through glazing.","Hyper-realistic 9:16 vertical photo, Style A Quiet Luxury. New Mexico earthship with compacted tyre walls visible on the north and east faces, full south-facing greenhouse with polycarbonate glazing growing tomatoes, herbs, and dwarf citrus, EcoFlow Delta Pro 2 stack inside with green LED visible through glazing, clay render and timber shelving interior, warm interior against cold desert afternoon, south-roof solar array, no people visible, 8k, cinematic photography style.","Tyres hold the heat. Glass feeds the house.","Ready","Day 2 — Tuesday October 7, 2026","Slot-5","2:00pm","https://future.lumicore-labs.com/off-grid?utm_source=pinterest&utm_medium=organic&utm_campaign=v30_pin_17"
"18","Halloween Home Decor & DIY","Dark Botanical Pressed Frame Gallery Wall | Halloween Decor 2026","Save this for your elevated Halloween home decor and dark botanical gallery wall board. Frame five pressed botanical specimens on black card in matching thin black frames, hang them in a tight asymmetric grid on a white or pale plaster wall, and leave every frame with at least 4cm of black card border. The strongest seasonal styling works because it uses a clear material story rather than a pile of novelty objects. Black-mounted pressed botanicals work for October because dark, structural plants like teasel, poppy heads, and dried umbellifer stems read as intentionally seasonal without relying on imagery. The asymmetric grid should feel like something collected over time, not bought as a set, so vary the specimen sizes and use two or three different plants rather than five of the same. The mounting method and frame size ratio are on the blog. Save this before it disappears from your feed. #HalloweenDecor #DarkBotanical #GalleryWall #PressedBotanical #ModernHalloween #AutumnDecor","Five pressed botanical specimens on black card in thin black frames hang in an asymmetric grid on a white plaster wall as a modern Halloween gallery display.","Hyper-realistic 9:16 vertical editorial home photograph, Style A Quiet Luxury. Five pressed botanical specimens — teasel, poppy heads, and dried umbellifer stems — on black card in matching thin black frames, hung in a tight asymmetric grid on a pale plaster wall, minimum 4cm black border per frame, warm amber side light from below, dark academic, refined palette of black, aged brass, and warm ivory, no people visible, no text, no logos, 8k, cinematic photography style.","Pressed. Framed. Seasonal.","Ready","Day 2 — Tuesday October 7, 2026","Slot-6","3:30pm","https://future.lumicore-labs.com/halloween?utm_source=pinterest&utm_medium=organic&utm_campaign=v30_pin_18"
"19","Build. Scale. Ship. — Software Studio","Manual Rosters Are Running Your Hostel Into the Ground | Hospitality Software 2026","Save this for your small business software and hospitality operations board. Bed allocation chaos: live availability grid, booking channel sync, dorm vs private room logic, and check-in automation. The visible symptoms are familiar: double-allocated dorm beds, a front-desk team manually updating three booking platforms, and guests arriving to find their reservation on the wrong floor. A professional software studio starts by mapping the expensive friction, then connects the smallest set of steps that removes it. That can mean a live bed-level availability grid, a channel-synced booking feed, a room-type logic layer, or a simple self-check-in flow. The goal is not more technology for its own sake. The goal is fewer avoidable errors, higher occupancy from accurate availability, and more time spent on guest experience instead of spreadsheet firefighting. Save this before it disappears from your feed. #BuildScaleShip #SmallBusiness #HospitalitySoftware #TechConsulting #BusinessAutomation #HostelManagement","Dark charcoal infographic: Manual rosters are running your hostel into the ground. White heading, amber subtitle, red problem column, teal solution column, green outcome footer in a clean vertical grid.","Hyper-realistic 9:16 vertical editorial infographic, Style B Dynamic Viral. Deep charcoal background #0d0d1a. Bold white headline: Manual Rosters Are Running Your Hostel Into the Ground. Amber subtitle describing the occupancy cost. Red problem column: manual booking platform updates and double-allocated beds. Teal solution column: live bed availability grid, channel sync, dorm vs private logic, self-check-in. Green footer: Accurate availability fills more beds. Clean high-contrast layout, no photo, no people, 8k.","One grid. Every bed.","Ready","Day 2 — Tuesday October 7, 2026","Slot-7","5:00pm",""
"20","Halloween Home Decor & DIY","Iron Lantern Window Ledge Row | Gothic Halloween Lighting 2026","Save this for your elevated Halloween home decor and gothic lighting board. Line a deep interior window ledge with five iron-and-glass lanterns in descending sizes, light them all with battery-operated amber candles, and leave the window uncurtained so the lanterns glow outward to the street. The strongest seasonal styling works because it uses a clear material story rather than a pile of novelty objects. A row of iron lanterns in a deep window ledge works for October because the light reads from outside at dusk, turning the window into a signal from a distance, and the effect requires nothing other than a power bank to run. Aged iron, black-painted frames, amber glass, and warm candlelight are the full material story. The lantern proportion guide and battery-candle comparison are on the blog. Save this before it disappears from your feed. #HalloweenDecor #GothicLighting #WindowStyling #ModernHalloween #IronLantern #AutumnDecor","Five iron-and-glass lanterns in descending sizes glow with amber battery candles along a deep interior window ledge, visible from the dark street outside.","Hyper-realistic 9:16 vertical editorial home photograph, Style A Quiet Luxury. Five iron-and-glass lanterns in descending sizes lined along a deep plaster window ledge from inside, amber battery candles glowing warmly, uncurtained window showing dark street outside where lantern glow is visible, aged iron frames and amber glass, interior in deep charcoal and warm ivory, no people visible, no text, no logos, 8k, cinematic photography style.","Glow from the window out.","Ready","Day 2 — Tuesday October 7, 2026","Slot-8","5:45pm","https://future.lumicore-labs.com/halloween?utm_source=pinterest&utm_medium=organic&utm_campaign=v30_pin_20"
"21","Future Living & Off-Grid Tech","Off-Grid Sauna Barrel Lakeside | Scandinavian Outdoor Living 2026","Save this for your outdoor sauna and Scandinavian off-grid living board. A barrel sauna on a lakeside deck produces heat in 30 minutes from a wood stove sized for the volume, and if the deck overhangs the water by a metre the cold plunge is already there. This Norwegian fjord property uses a cedar barrel sauna on a cantilevered pine deck above black water, its stove pipe sending a thin plume into cold October air. An EcoFlow Delta Pro manages the exterior lighting and a small audio system from a recessed deck box with one green LED just visible. Two birch paddles lean against the barrel, and a rough-cut timber step leads from the deck to a rope ladder above the fjord. Nothing else. The stove sizing, wood species comparison, and deck cantilever notes are on the blog. Save this before it disappears from your feed. #BarrelSauna #OffGridSauna #ScandinavianLiving #FjordLife #EcoFlow #FutureLiving #Norway","A cedar barrel sauna on a cantilevered pine deck overhangs a Norwegian fjord, with a wood stove pipe, EcoFlow Delta Pro deck box, birch paddles, and black October fjord water below.","Hyper-realistic 9:16 vertical photo, Style A Quiet Luxury. Cedar barrel sauna on a cantilevered pine deck above a dark Norwegian fjord, thin stove pipe plume in cold October air, EcoFlow Delta Pro in recessed deck box with green LED, two birch paddles against the barrel, rough-cut timber step to rope ladder above the water, cold grey fjord sky, pale birch trees on far shore, no people visible, 8k, cinematic photography style.","30 minutes. Then the fjord.","Ready","Day 2 — Tuesday October 7, 2026","Slot-9","6:30pm","https://future.lumicore-labs.com/off-grid?utm_source=pinterest&utm_medium=organic&utm_campaign=v30_pin_21"
"22","Halloween Home Decor & DIY","Dark Velvet Pumpkin Cluster Entry Table | Luxury Halloween 2026","Save this for your elevated Halloween home decor and luxury entry table board. Group seven dark velvet pumpkins in black, deep plum, and midnight navy on a marble entry table, add a single tall black candlestick at the back, and leave the rest of the table bare. The strongest seasonal styling works because it uses a clear material story rather than a pile of novelty objects. Velvet pumpkins in a tight cluster read as deliberately collected rather than decorated, especially when the colours are all from the same dark family rather than contrasting bright and dark. A single tall candlestick prevents the group from looking like a shelf arrangement and gives a vertical element that anchors the whole table. The velvet sourcing and colour selection guide are on the blog. Save this before it disappears from your feed. #HalloweenDecor #LuxuryHalloween #VelvetPumpkin #EntryTable #ModernHalloween #AutumnDecor","Seven dark velvet pumpkins in black, deep plum, and midnight navy sit clustered on a marble entry table with a single tall black candlestick behind them.","Hyper-realistic 9:16 vertical editorial home photograph, Style A Quiet Luxury. Seven dark velvet pumpkins in black, deep plum, and midnight navy clustered on a white marble entry table, single tall black candlestick at the back, warm amber candlelight, bare table surface around the cluster, charcoal, aged brass, warm ivory, deep plum palette, minimal entryway, no people visible, no text, no logos, 8k, cinematic photography style.","Seven. Same dark family.","Ready","Day 2 — Tuesday October 7, 2026","Slot-10","7:15pm","https://future.lumicore-labs.com/halloween?utm_source=pinterest&utm_medium=organic&utm_campaign=v30_pin_22"
"23","Future Living & Off-Grid Tech","Passive Ventilation Cooling Tower | Off-Grid Climate Control 2026","Save this for your passive cooling and off-grid climate control board. A wind catcher or cooling tower uses the temperature difference between the top and bottom of a column of air to move heat out of a building without electricity. This Arizona desert home uses a pair of 4-metre terracotta cooling towers on the north roof face, each with a simple damper controlled from inside. Combined with a buried earth tube inlet that pre-cools incoming air, the system keeps the interior 10 to 14 degrees below outdoor temperature without air conditioning in a climate that regularly exceeds 40°C. An EcoFlow Pro manages only the lights and appliances, not the cooling. The airflow physics, earth tube sizing, and damper control notes are on the blog. Save this before it disappears from your feed. #PassiveCooling #CoolingTower #OffGridClimate #NaturalVentilation #EcoFlow #FutureLiving #Arizona","An Arizona desert home has two 4-metre terracotta cooling towers on the north roof with dampers, paired with a buried earth tube inlet system, and an EcoFlow Pro for non-cooling loads.","Hyper-realistic 9:16 vertical photo, Style A Quiet Luxury. Arizona desert home with two 4-metre terracotta cooling towers on the north roof face with visible damper shutters, adobe and rammed earth exterior walls, earth tube inlet pipe entering the home at grade, EcoFlow Pro status panel visible through a window, harsh midday desert sun, saguaro cactus and desert sage, clear blue sky, no people visible, 8k, cinematic photography style.","No electricity. 14 degrees cooler.","Ready","Day 2 — Tuesday October 7, 2026","Slot-11","8:00pm","https://future.lumicore-labs.com/off-grid?utm_source=pinterest&utm_medium=organic&utm_campaign=v30_pin_23"
"24","Halloween Home Decor & DIY","Gilded Gourd and Moss Mantel Row | Refined Halloween 2026","Save this for your elevated Halloween home decor and refined autumn mantel board. Line a mantel with seven gourds painted in matte ivory and dusted with gold gilt, interspersed with small moss-covered stones and a single trailing dried magnolia branch. The strongest seasonal styling works because it uses a clear material story rather than a pile of novelty objects. Gilded gourds in a colour-consistent row read as a design decision rather than a seasonal decoration, especially when the gold is applied sparingly as a dusting rather than a full coat. Moss stones add texture without adding colour, and the magnolia branch provides the asymmetric break that stops the mantel looking like a retail display. Warm ivory, aged gold, grey-green moss, and dried brown make the full palette. The gilding method and gourd preparation guide are on the blog. Save this before it disappears from your feed. #HalloweenDecor #RefinedHalloween #MantelStyling #GildedGourd #AutumnDecor #HalloweenHome","Seven matte ivory and gold-dusted gourds line a mantel with moss-covered stones and a trailing dried magnolia branch on a white marble fireplace.","Hyper-realistic 9:16 vertical editorial home photograph, Style A Quiet Luxury. Seven gourds in matte ivory dusted with fine gold gilt lined along a white marble fireplace mantel, small moss-covered stones interspersed, single trailing dried magnolia branch breaking asymmetry, warm amber candlelight from off-frame, bare mantel surface otherwise, warm ivory, aged gold, grey-green, dried brown palette, refined minimal composition, no people visible, no text, no logos, 8k, cinematic photography style.","Gilded. Not decorated.","Ready","Day 2 — Tuesday October 7, 2026","Slot-12","8:45pm","https://future.lumicore-labs.com/halloween?utm_source=pinterest&utm_medium=organic&utm_campaign=v30_pin_24"
