"Post #","Pinterest board","Title","Description","Alt Text","AI Prompt","In-App Text Hook","Status","Posting Day","Slot","SL Post Time"
"1","Halloween Home Decor & DIY","12 Halloween Porch Ideas That Feel Elevated","Save these refined Halloween porch ideas for October. Full guide: https://future.lumicore-labs.com/halloween #HalloweenDecor #HalloweenPorch #HomeDecor","Elegant Halloween porch with pumpkins, lanterns, dried branches, and a dark front door.","Hyper-realistic 9:16 vertical editorial home photograph, refined Halloween porch decor, charcoal front door, natural orange and cream pumpkins, warm brass lanterns, dried branches, subtle black wreath, layered doormat, modern architecture, evening blue-hour light, tasteful and uncluttered, no people, no text, no logos, full-bleed square edges.","12 elevated porch ideas.","Ready","Day 1 - Tue Aug 25","Slot-1","7:30am"
"2","Halloween Home Decor & DIY","The Halloween Entryway Formula Designers Use","Create a memorable Halloween entryway with one focal object, one warm light source, and one natural texture. https://future.lumicore-labs.com/halloween #HalloweenEntryway #InteriorDesign","Modern Halloween entryway with pumpkins, candlelight, and dried branches.","Hyper-realistic 9:16 vertical interior photograph, sophisticated Halloween entryway, sculptural pumpkins, brass candle lantern, dark wood console, natural textures, soft evening light, no people, no text, full-bleed square edges.","One focal point. One warm light. One texture.","Ready","Day 1 - Tue Aug 25","Slot-2","9:30am"
"3","Halloween Home Decor & DIY","DIY Oversized Paper Bats for a Halloween Wall","Transform a blank wall with a rising flight of handmade paper bats. https://future.lumicore-labs.com/halloween #HalloweenDIY #PaperBats","Black paper bats arranged in a rising pattern across a neutral wall.","Hyper-realistic 9:16 vertical home styling photograph, matte black paper bats in varied sizes flying upward across a warm plaster wall, small console with pumpkin and candle, soft daylight, no people, no text, full-bleed square edges.","A blank wall becomes a Halloween moment.","Ready","Day 1 - Tue Aug 25","Slot-3","12:00pm"
"4","Halloween Home Decor & DIY","Warm Halloween Lighting Ideas for Any Home","Combine lanterns, candles, and one dramatic accent for an atmospheric Halloween room. https://future.lumicore-labs.com/halloween #HalloweenLighting #CozyHome","Cozy living room with lanterns, candles, and subtle Halloween accents.","Hyper-realistic 9:16 vertical editorial interior photograph, cozy modern living room, amber lanterns, flameless candles, black and rust accents, sculptural pumpkin, soft shadows, no people, no text, full-bleed square edges.","Lighting changes everything.","Ready","Day 1 - Tue Aug 25","Slot-4","3:00pm"
"5","Halloween Home Decor & DIY","Minimalist Halloween Decor That Still Feels Festive","Use a restrained palette, natural materials, and one strong silhouette. https://future.lumicore-labs.com/halloween #MinimalistHalloween #ModernDecor","Minimalist living room with black vase, pumpkins, and candlelight.","Hyper-realistic 9:16 vertical interior design photograph, minimalist Halloween living room, cream sofa, black vase with branches, sculptural pumpkins, charcoal and rust palette, no clutter, no people, no text, full-bleed square edges.","Less clutter. More atmosphere.","Ready","Day 1 - Tue Aug 25","Slot-5","6:30pm"
"6","Halloween Home Decor & DIY","A Natural Halloween Mantel with Pumpkins and Branches","Style a mantel with branches, dried grasses, ceramic pumpkins, and warm candlelight. https://future.lumicore-labs.com/halloween #HalloweenMantel #AutumnDecor","Autumn Halloween mantel with pumpkins, dried grasses, branches, and candles.","Hyper-realistic 9:16 vertical editorial photograph, refined fireplace mantel, matte ceramic pumpkins, dried grasses, sculptural branches, brass candleholders, warm textured wall, no people, no text, full-bleed square edges.","A mantel that works all autumn.","Ready","Day 1 - Tue Aug 25","Slot-6","8:30pm"
"7","Halloween Home Decor & DIY","7 DIY Halloween Decorations Using Cardboard","Turn cardboard into arches, haunted windows, moons, and layered silhouettes. https://future.lumicore-labs.com/halloween #DIYHalloween #BudgetDecor","Cardboard Halloween decorations including a moon, window, and bat silhouettes.","Hyper-realistic 9:16 vertical craft studio photograph, elegant Halloween decorations made from recycled cardboard, crescent moon, haunted window silhouette, layered bats, black and kraft paper, warm daylight, no people, no text, full-bleed square edges.","7 impressive ideas from cardboard.","Ready","Day 2 - Wed Aug 26","Slot-1","7:30am"
"8","Halloween Home Decor & DIY","Small Apartment Halloween Decor That Does Not Feel Crowded","Use vertical elements, window lighting, and one compact display. https://future.lumicore-labs.com/halloween #ApartmentDecor #SmallSpaceLiving","Small modern apartment with vertical Halloween decor and window lights.","Hyper-realistic 9:16 vertical interior photograph, small modern apartment, vertical paper bats, warm string lights, compact console with pumpkins, renter-friendly styling, no people, no text, full-bleed square edges.","Small space. Big Halloween mood.","Ready","Day 2 - Wed Aug 26","Slot-2","9:30am"
"9","Halloween Home Decor & DIY","How to Make a Modern Halloween Wreath","Build a wreath with black branches, dried grasses, ribbon, and one seasonal detail. https://future.lumicore-labs.com/halloween #HalloweenWreath #DIYDecor","Modern black branch wreath with dried grasses on a front door.","Hyper-realistic 9:16 vertical photograph, modern Halloween wreath of black branches and dried grasses on a charcoal door, warm porch light, no people, no text, full-bleed square edges.","Skip the plastic wreath.","Ready","Day 2 - Wed Aug 26","Slot-3","12:00pm"
"10","Halloween Home Decor & DIY","Outdoor Halloween Lighting for a Better Porch","Guide attention from the walkway to the front door with layered lighting. https://future.lumicore-labs.com/halloween #OutdoorLighting #HalloweenPorch","Modern Halloween porch with path lights, lanterns, and a tree uplight.","Hyper-realistic 9:16 vertical exterior photograph, modern home at dusk, warm path lights, brass lanterns, one tree uplighted, subtle pumpkins, no people, no text, full-bleed square edges.","Guide the eye with light.","Ready","Day 2 - Wed Aug 26","Slot-4","3:00pm"
"11","Halloween Home Decor & DIY","Pumpkin Styling Ideas Beyond the Front Porch","Use pumpkins on kitchen counters, stair landings, shelves, and bedside tables. https://future.lumicore-labs.com/halloween #PumpkinDecor #HalloweenStyling","Small pumpkin arrangements used throughout a modern home.","Hyper-realistic 9:16 vertical editorial interior photograph, tasteful pumpkin styling in kitchen, entryway, and bedside spaces, cream and burnt-orange palette, no people, no text, full-bleed square edges.","Pumpkins belong everywhere.","Ready","Day 2 - Wed Aug 26","Slot-5","6:30pm"
"12","Halloween Home Decor & DIY","Create a Haunted Forest Corner at Home","Turn a garden corner or balcony into a miniature haunted forest. https://future.lumicore-labs.com/halloween #HauntedForest #HalloweenGarden","Twisted branches, moss, lanterns, and black silhouettes in a garden corner.","Hyper-realistic 9:16 vertical outdoor garden corner, tasteful haunted forest display, twisted branches, moss, black bird silhouettes, warm ground lantern, no fog, no people, no text, full-bleed square edges.","Build a haunted forest in one corner.","Ready","Day 2 - Wed Aug 26","Slot-6","8:30pm"
"13","Halloween Home Decor & DIY","Halloween Table Setting with Black and Copper Details","Style a dramatic table with dark linens, copper candleholders, branches, and a seasonal centerpiece. https://future.lumicore-labs.com/halloween #HalloweenTablescape #HalloweenParty","Elegant Halloween table with black linens, copper candleholders, and pumpkins.","Hyper-realistic 9:16 vertical editorial tablescape, charcoal linen, matte black plates, copper candleholders, cream pumpkins, dried branches, warm candlelight, no people, no text, full-bleed square edges.","A Halloween table with quiet drama.","Ready","Day 3 - Thu Aug 27","Slot-1","7:30am"
"14","Halloween Home Decor & DIY","5 Easy Halloween Centerpieces for a Dinner Table","Create centerpieces with glass vessels, branches, candles, and miniature pumpkins. https://future.lumicore-labs.com/halloween #HalloweenCenterpiece #DIYTableDecor","Five small Halloween centerpiece arrangements on a dining table.","Hyper-realistic 9:16 vertical overhead photograph, five elegant Halloween centerpieces, glass vase, miniature pumpkins, black candles, dried flowers, copper details, no people, no text, full-bleed square edges.","Five centerpieces. Twenty minutes.","Ready","Day 3 - Thu Aug 27","Slot-2","9:30am"
"15","Halloween Home Decor & DIY","DIY Ghost Lanterns for a Cozy Halloween Night","Turn glass jars into soft ghost lanterns with translucent materials and warm LED lights. https://future.lumicore-labs.com/halloween #HalloweenCraft #GhostLanterns","Glowing ghost lanterns made from glass jars on a wooden table.","Hyper-realistic 9:16 vertical craft photograph, three handmade ghost lanterns from frosted jars and translucent fabric, warm LED glow, minimal faces, no people, no text, full-bleed square edges.","Soft glow, simple materials.","Ready","Day 3 - Thu Aug 27","Slot-3","12:00pm"
"16","Halloween Home Decor & DIY","A Modern Black and Orange Halloween Color Palette","Use charcoal, burnt orange, warm ivory, and aged brass for a cohesive look. https://future.lumicore-labs.com/halloween #HalloweenColorPalette #InteriorStyling","Modern Halloween interior in charcoal, burnt orange, ivory, and brass.","Hyper-realistic 9:16 vertical interior design photograph, modern Halloween living room, charcoal and burnt-orange palette, warm ivory textiles, aged brass accents, no people, no text, full-bleed square edges.","Four colors are enough.","Ready","Day 3 - Thu Aug 27","Slot-4","3:00pm"
"17","Halloween Home Decor & DIY","Halloween Decor for a Covered Balcony","Use weather-safe lanterns, hanging silhouettes, pumpkins, and warm string lights. https://future.lumicore-labs.com/halloween #BalconyDecor #ApartmentHalloween","Covered balcony with lanterns, string lights, pumpkins, and hanging bats.","Hyper-realistic 9:16 vertical photograph, covered apartment balcony, warm string lights, weather-safe lanterns, pumpkins, hanging black bats, city lights beyond, no people, no text, full-bleed square edges.","Your balcony can join the season.","Ready","Day 3 - Thu Aug 27","Slot-5","6:30pm"
"18","Halloween Home Decor & DIY","The No-Carve Pumpkin Ideas Worth Saving","Try paint, fabric, dried flowers, leaves, and sculptural stacking instead of carving. https://future.lumicore-labs.com/halloween #NoCarvePumpkins #PumpkinDecor","No-carve pumpkins decorated with paint, fabric, flowers, and leaves.","Hyper-realistic 9:16 vertical craft photograph, collection of elegant no-carve pumpkins, matte black, cream, and burnt orange, dried flowers and fabric, no people, no text, full-bleed square edges.","No knife required.","Ready","Day 3 - Thu Aug 27","Slot-6","8:30pm"
"19","Halloween Home Decor & DIY","DIY Halloween Window Silhouettes","Make windows cinematic with layered black silhouettes of branches, bats, moons, and old houses. https://future.lumicore-labs.com/halloween #HalloweenWindows #DIYHalloween","Window with layered black silhouettes glowing from warm interior light.","Hyper-realistic 9:16 vertical evening interior photograph, window with removable paper silhouettes of branches, bats, crescent moon, and old house, warm interior light, no people, no readable text, full-bleed square edges.","Make the window part of the story.","Ready","Day 4 - Fri Aug 28","Slot-1","7:30am"
"20","Halloween Home Decor & DIY","A Halloween Snack Table That Looks Designed","Use height, repetition, and a restrained palette to style a Halloween snack table. https://future.lumicore-labs.com/halloween #HalloweenParty #SnackTable","Stylish Halloween snack table with tiered treats, pumpkins, and warm lighting.","Hyper-realistic 9:16 vertical editorial party photograph, Halloween snack table, tiered black trays, orange and cream treats, dark linen, pumpkins, brass candleholders, no people, no text, full-bleed square edges.","Style the snack table, not just the snacks.","Ready","Day 4 - Fri Aug 28","Slot-2","9:30am"
"21","Halloween Home Decor & DIY","7 Halloween DIYs for a Weekend Project","Make a wreath, paper bats, ghost lanterns, painted pumpkins, window silhouettes, a porch sign, and a candle arrangement. https://future.lumicore-labs.com/halloween #WeekendDIY #HalloweenCrafts","Halloween weekend DIY materials arranged on a craft table.","Hyper-realistic 9:16 vertical overhead craft table, black paper, scissors, branches, pumpkins, jars, ribbon, paintbrushes, lantern, warm daylight, no hands, no text, full-bleed square edges.","Seven projects for one weekend.","Ready","Day 4 - Fri Aug 28","Slot-3","12:00pm"
"22","Halloween Home Decor & DIY","How to Make a Halloween Porch Sign","A simple vertical sign can anchor a porch display. https://future.lumicore-labs.com/halloween #HalloweenSign #PorchDecor","Handmade Halloween porch sign beside pumpkins and a lantern.","Hyper-realistic 9:16 vertical exterior photograph, matte-black vertical porch sign with simple cream lettering, pumpkins, dried stalks, brass lantern, no people, no logos, full-bleed square edges.","One sign anchors the whole porch.","Ready","Day 4 - Fri Aug 28","Slot-4","3:00pm"
"23","Halloween Home Decor & DIY","Halloween Decor Ideas for a Modern Kitchen","Bring Halloween into the kitchen with dark ceramics, a counter vignette, and warm light. https://future.lumicore-labs.com/halloween #HalloweenKitchen #KitchenDecor","Modern kitchen counter with black ceramics, pumpkins, branches, and warm light.","Hyper-realistic 9:16 vertical modern kitchen, matte black ceramics, cream pumpkins, dried branches, amber candle, warm under-cabinet light, no people, no text, full-bleed square edges.","The kitchen deserves atmosphere too.","Ready","Day 4 - Fri Aug 28","Slot-5","6:30pm"
"24","Halloween Home Decor & DIY","A Simple Halloween Color Scheme for Every Room","Use charcoal, warm orange, ivory, and brass to connect the whole home. https://future.lumicore-labs.com/halloween #HalloweenInterior #HomeColorPalette","Four connected rooms using a coordinated Halloween palette.","Hyper-realistic 9:16 vertical editorial interior sequence, coordinated modern home across living room, entryway, kitchen, and dining room, charcoal, burnt orange, ivory, brass accents, no people, no text, full-bleed square edges.","Make every room feel connected.","Ready","Day 4 - Fri Aug 28","Slot-6","8:30pm"
"25","Halloween Home Decor & DIY","Printable Halloween Party Planning Checklist","Plan the guest list, menu, lighting, music, decor, and cleanup. https://future.lumicore-labs.com/halloween #HalloweenPlanner #HalloweenParty","Halloween party checklist beside a pen, candle, and small pumpkin.","Hyper-realistic 9:16 vertical desk photograph, minimal Halloween party checklist on warm white paper, black pen, pumpkin, brass candleholder, no readable text, no people, full-bleed square edges.","Plan the party before the panic.","Ready","Day 5 - Sat Aug 29","Slot-1","7:30am"
"26","Halloween Home Decor & DIY","Halloween Party Invitation Ideas with a Modern Feel","Use dark paper, warm ivory details, botanical silhouettes, and one copper accent. https://future.lumicore-labs.com/halloween #HalloweenInvitation #PartyIdeas","Modern Halloween invitations with dark paper, ivory details, and copper accents.","Hyper-realistic 9:16 vertical stationery flat-lay, modern Halloween invitation suite on charcoal paper, ivory details, copper accents, dried branch, black ribbon, no readable text, no people, full-bleed square edges.","Set the mood before the party starts.","Ready","Day 5 - Sat Aug 29","Slot-2","9:30am"
"27","Halloween Home Decor & DIY","DIY Hanging Bats for a Staircase","Create movement with lightweight hanging bats at different heights. https://future.lumicore-labs.com/halloween #HalloweenStairs #DIYHalloween","Staircase decorated with black hanging bats and warm wall lights.","Hyper-realistic 9:16 vertical interior photograph, modern staircase, lightweight black paper bats at varied heights, warm sconces, pumpkins at landing, no people, no text, full-bleed square edges.","Add movement to the staircase.","Ready","Day 5 - Sat Aug 29","Slot-3","12:00pm"
"28","Halloween Home Decor & DIY","Budget Halloween Decor That Looks Expensive","Use repetition, lighting, and a limited palette to make inexpensive materials feel considered. https://future.lumicore-labs.com/halloween #BudgetHalloween #AffordableDecor","Affordable Halloween decor styled with candles, paper bats, and pumpkins.","Hyper-realistic 9:16 vertical editorial home photograph, refined budget Halloween display, paper bats, pumpkins, black candles, dried branches, warm lighting, no brands, no people, no text, full-bleed square edges.","The secret is styling, not spending.","Ready","Day 5 - Sat Aug 29","Slot-4","3:00pm"
"29","Halloween Home Decor & DIY","A Cozy Halloween Movie Night Setup","Create a seasonal movie night with blankets, warm lamps, snacks, pumpkins, and subtle silhouettes. https://future.lumicore-labs.com/halloween #HalloweenMovieNight #CozyHome","Cozy Halloween movie night with blankets, lamps, snacks, and subtle decor.","Hyper-realistic 9:16 vertical lifestyle interior photograph, cozy modern living room, textured blankets, warm floor lamp, snack table, cream and orange pumpkins, subtle bat silhouettes, no people, no readable screen text, full-bleed square edges.","Make movie night feel seasonal.","Ready","Day 5 - Sat Aug 29","Slot-5","6:30pm"
"30","Halloween Home Decor & DIY","The Complete Modern Halloween Home Checklist","Cover the front door, lighting, living room, table, windows, and outdoor details without overdecorating. https://future.lumicore-labs.com/halloween #HalloweenChecklist #HalloweenHome","Modern home with coordinated Halloween decor from porch to living room and dining table.","Hyper-realistic 9:16 vertical editorial home photograph showing coordinated modern Halloween home, porch pumpkins, warm lighting, living room accents, dining candles, window silhouettes, cohesive burnt-orange palette, no people, no text, full-bleed square edges.","The modern Halloween home checklist.","Ready","Day 5 - Sat Aug 29","Slot-6","8:30pm"
