Program,Network,Category,Status,Application URL,Eligibility Confirmed, Sri Lanka Payout Confirmed,Payout Method,Minimum Payout,Tax Requirements,Traffic Source Rules,Commission,Cookie,Date Checked,Notes
Impact,Impact,Home / technology,Not checked,https://impact.com/partners/,,,,,,,,,,
Awin,Awin,Home / technology,Not checked,https://www.awin.com/us/publishers,,,,,,,,,,
ALLPOWERS,Direct or network,Solar / power stations,Lead to verify,,,,,,,,,,,
Zendure,Direct or network,Home energy / solar,Lead to verify,,,,,,,,,,,
AOSU,Direct or network,Smart security,Lead to verify,,,,,,,,,,,
HAVA,Direct or network,Compact appliances,Lead to verify,,,,,,,,,,,
ShopSolar,Direct or network,Solar kits,Lead to verify,,,,,,,,,,,
Surety Home,Direct or network,Smart security subscription,Lead to verify,,,,,,,,,,,
Amazon Associates,Amazon,General products,Not checked,https://affiliate-program.amazon.com/,,,,,,,,,,
