Audience View,Date,Aggregation,Audience Size
Your total audience,2026-08-19,Monthly,365000

Interests
Category,Bulk Sheet Category,Percent of audience,Affinity,Interest,Bulk Sheet Interests,Percent of audience,Affinity
Art,"{'name': 'Art', 'id': '961238559656'}",0.792,1.23,Drawing,"{'name': 'Drawing', 'id': '918644201389'}",0.805,1.1
Art,"{'name': 'Art', 'id': '961238559656'}",0.792,1.23,Photography,"{'name': 'Photography', 'id': '905860166503'}",0.789,1.048
Art,"{'name': 'Art', 'id': '961238559656'}",0.792,1.23,Painting,"{'name': 'Painting', 'id': '938071044570'}",0.736,1.143
Art,"{'name': 'Art', 'id': '961238559656'}",0.792,1.23,Street Art,"{'name': 'Street Art', 'id': '946028385883'}",0.718,1.497
Art,"{'name': 'Art', 'id': '961238559656'}",0.792,1.23,Body Art,"{'name': 'Body Art', 'id': '909337506117'}",0.475,1.225
Art,"{'name': 'Art', 'id': '961238559656'}",0.792,1.23,Illustration,"{'name': 'Illustration', 'id': '907002707958'}",0.458,1.283
Art,"{'name': 'Art', 'id': '961238559656'}",0.792,1.23,Digital Art,"{'name': 'Digital Art', 'id': '954299039771'}",0.2,1.087
Art,"{'name': 'Art', 'id': '961238559656'}",0.792,1.23,Metal Art,"{'name': 'Metal Art', 'id': '919147346069'}",0.182,6.596
Art,"{'name': 'Art', 'id': '961238559656'}",0.792,1.23,Art Supplies,"{'name': 'Art Supplies', 'id': '916574447637'}",0.141,0.458
Art,"{'name': 'Art', 'id': '961238559656'}",0.792,1.23,Art Tutorial,"{'name': 'Art Tutorial', 'id': '908625431820'}",0.121,0.36
Art,"{'name': 'Art', 'id': '961238559656'}",0.792,1.23,Poster Design,"{'name': 'Poster Design', 'id': '947703397050'}",0.121,2.377
Art,"{'name': 'Art', 'id': '961238559656'}",0.792,1.23,Fonts and Calligraphy,"{'name': 'Fonts and Calligraphy', 'id': '933547141847'}",0.08,1.331
Art,"{'name': 'Art', 'id': '961238559656'}",0.792,1.23,Ceramic Art,"{'name': 'Ceramic Art', 'id': '956459048577'}",0.063,1.652
Art,"{'name': 'Art', 'id': '961238559656'}",0.792,1.23,Fashion Design,"{'name': 'Fashion Design', 'id': '958595335486'}",0.053,0.371
Art,"{'name': 'Art', 'id': '961238559656'}",0.792,1.23,Mosaic,"{'name': 'Mosaic', 'id': '925648604365'}",0.047,1.843
Art,"{'name': 'Art', 'id': '961238559656'}",0.792,1.23,Mixed Media Art,"{'name': 'Mixed Media Art', 'id': '914370454096'}",0.042,0.776
Art,"{'name': 'Art', 'id': '961238559656'}",0.792,1.23,Contemporary Art,"{'name': 'Contemporary Art', 'id': '954939770857'}",0.035,1.795
Art,"{'name': 'Art', 'id': '961238559656'}",0.792,1.23,Classic Art,"{'name': 'Classic Art', 'id': '945388101422'}",0.02,
Art,"{'name': 'Art', 'id': '961238559656'}",0.792,1.23,Rock Art,"{'name': 'Rock Art', 'id': '961032393371'}",0.015,0.8
Art,"{'name': 'Art', 'id': '961238559656'}",0.792,1.23,Printmaking,"{'name': 'Printmaking', 'id': '954733409177'}",0.012,
Art,"{'name': 'Art', 'id': '961238559656'}",0.792,1.23,Sculpture,"{'name': 'Sculpture', 'id': '952015364871'}",0.011,
Home Decor,"{'name': 'Home Decor', 'id': '935249274030'}",0.789,1.262,Room Decor,"{'name': 'Room Decor', 'id': '916836567854'}",0.827,1.177
Home Decor,"{'name': 'Home Decor', 'id': '935249274030'}",0.789,1.262,Home Decor Style,"{'name': 'Home Decor Style', 'id': '932406387708'}",0.818,1.602
Home Decor,"{'name': 'Home Decor', 'id': '935249274030'}",0.789,1.262,Wall,"{'name': 'Wall', 'id': '897028410084'}",0.801,0.909
Home Decor,"{'name': 'Home Decor', 'id': '935249274030'}",0.789,1.262,Lighting,"{'name': 'Lighting', 'id': '898155178413'}",0.62,1.646
Home Decor,"{'name': 'Home Decor', 'id': '935249274030'}",0.789,1.262,Furniture,"{'name': 'Furniture', 'id': '936760250909'}",0.574,1.778
Home Decor,"{'name': 'Home Decor', 'id': '935249274030'}",0.789,1.262,Home Maintenance,"{'name': 'Home Maintenance', 'id': '951174617998'}",0.507,2.444
Home Decor,"{'name': 'Home Decor', 'id': '935249274030'}",0.789,1.262,Storage and Organization,"{'name': 'Storage and Organization', 'id': '896864884493'}",0.485,1.321
Home Decor,"{'name': 'Home Decor', 'id': '935249274030'}",0.789,1.262,Flooring,"{'name': 'Flooring', 'id': '951285123313'}",0.338,1.254
Home Decor,"{'name': 'Home Decor', 'id': '935249274030'}",0.789,1.262,Home Accessories,"{'name': 'Home Accessories', 'id': '946284018351'}",0.318,0.855
Home Decor,"{'name': 'Home Decor', 'id': '935249274030'}",0.789,1.262,Door,"{'name': 'Door', 'id': '936029585073'}",0.317,3.742
Home Decor,"{'name': 'Home Decor', 'id': '935249274030'}",0.789,1.262,Exterior,"{'name': 'Exterior', 'id': '929735873274'}",0.254,3.631
Home Decor,"{'name': 'Home Decor', 'id': '935249274030'}",0.789,1.262,Entrance,"{'name': 'Entrance', 'id': '897843420737'}",0.095,3.461
Home Decor,"{'name': 'Home Decor', 'id': '935249274030'}",0.789,1.262,Remodel,"{'name': 'Remodel', 'id': '953913251789'}",0.086,2.129
Home Decor,"{'name': 'Home Decor', 'id': '935249274030'}",0.789,1.262,Stairs,"{'name': 'Stairs', 'id': '896462765850'}",0.072,2.582
Home Decor,"{'name': 'Home Decor', 'id': '935249274030'}",0.789,1.262,Window Treatment,"{'name': 'Window Treatment', 'id': '933856972886'}",0.034,1.689
Home Decor,"{'name': 'Home Decor', 'id': '935249274030'}",0.789,1.262,Home Decor Tips,"{'name': 'Home Decor Tips', 'id': '929733042390'}",0.021,1.646
Home Decor,"{'name': 'Home Decor', 'id': '935249274030'}",0.789,1.262,Home Painting,"{'name': 'Home Painting', 'id': '952051896726'}",0.015,
Education,"{'name': 'Education', 'id': '922134410098'}",0.756,1.326,Subjects,"{'name': 'Subjects', 'id': '955838913612'}",0.974,1.045
Education,"{'name': 'Education', 'id': '922134410098'}",0.756,1.326,Career,"{'name': 'Career', 'id': '941720221932'}",0.218,1.636
Education,"{'name': 'Education', 'id': '922134410098'}",0.756,1.326,Teacher Resources,"{'name': 'Teacher Resources', 'id': '920023336761'}",0.118,0.674
Education,"{'name': 'Education', 'id': '922134410098'}",0.756,1.326,Education Level,"{'name': 'Education Level', 'id': '953977921048'}",0.117,0.717
Entertainment,"{'name': 'Entertainment', 'id': '953061268473'}",0.752,1.209,Movie,"{'name': 'Movie', 'id': '960342948658'}",0.696,0.923
Entertainment,"{'name': 'Entertainment', 'id': '953061268473'}",0.752,1.209,Comics,"{'name': 'Comics', 'id': '930494031304'}",0.657,0.884
Entertainment,"{'name': 'Entertainment', 'id': '953061268473'}",0.752,1.209,Humor,"{'name': 'Humor', 'id': '898037969690'}",0.655,0.847
Entertainment,"{'name': 'Entertainment', 'id': '953061268473'}",0.752,1.209,Gaming,"{'name': 'Gaming', 'id': '919269892222'}",0.516,1.207
Entertainment,"{'name': 'Entertainment', 'id': '953061268473'}",0.752,1.209,Celebrities,"{'name': 'Celebrities', 'id': '911373384406'}",0.426,1.0
Entertainment,"{'name': 'Entertainment', 'id': '953061268473'}",0.752,1.209,Music,"{'name': 'Music', 'id': '936111947007'}",0.393,0.817
Entertainment,"{'name': 'Entertainment', 'id': '953061268473'}",0.752,1.209,TV Show,"{'name': 'TV Show', 'id': '908565964114'}",0.19,1.072
Entertainment,"{'name': 'Entertainment', 'id': '953061268473'}",0.752,1.209,Book,"{'name': 'Book', 'id': '908410600882'}",0.115,0.674
Entertainment,"{'name': 'Entertainment', 'id': '953061268473'}",0.752,1.209,Theater,"{'name': 'Theater', 'id': '905051048835'}",0.035,1.962
Design,"{'name': 'Design', 'id': '902065567321'}",0.742,1.308,Logo and Identity Design,"{'name': 'Logo and Identity Design', 'id': '909466174311'}",0.524,1.479
Design,"{'name': 'Design', 'id': '902065567321'}",0.742,1.308,Web and App Design,"{'name': 'Web and App Design', 'id': '939992763802'}",0.466,0.704
Design,"{'name': 'Design', 'id': '902065567321'}",0.742,1.308,Business and Advertising Design,"{'name': 'Business and Advertising Design', 'id': '897856923844'}",0.304,1.712
Design,"{'name': 'Design', 'id': '902065567321'}",0.742,1.308,Book and Magazine Design,"{'name': 'Book and Magazine Design', 'id': '902581337527'}",0.067,1.683
Sport,"{'name': 'Sport', 'id': '919812032692'}",0.691,1.62,Outdoor Sport,"{'name': 'Outdoor Sport', 'id': '899504507492'}",0.57,2.363
Sport,"{'name': 'Sport', 'id': '919812032692'}",0.691,1.62,Fitness and Exercises,"{'name': 'Fitness and Exercises', 'id': '912503731943'}",0.549,1.251
Sport,"{'name': 'Sport', 'id': '919812032692'}",0.691,1.62,Soccer,"{'name': 'Soccer', 'id': '916147467802'}",0.24,1.226
Sport,"{'name': 'Sport', 'id': '919812032692'}",0.691,1.62,Cycling,"{'name': 'Cycling', 'id': '932527952341'}",0.237,5.457
Sport,"{'name': 'Sport', 'id': '919812032692'}",0.691,1.62,Dancing,"{'name': 'Dancing', 'id': '952036629213'}",0.163,0.564
Sport,"{'name': 'Sport', 'id': '919812032692'}",0.691,1.62,Auto Racing,"{'name': 'Auto Racing', 'id': '914336245852'}",0.072,4.165
Sport,"{'name': 'Sport', 'id': '919812032692'}",0.691,1.62,Hockey,"{'name': 'Hockey', 'id': '949737144218'}",0.062,4.729
Sport,"{'name': 'Sport', 'id': '919812032692'}",0.691,1.62,Running,"{'name': 'Running', 'id': '909056984342'}",0.048,1.294
Sport,"{'name': 'Sport', 'id': '919812032692'}",0.691,1.62,Martial Arts,"{'name': 'Martial Arts', 'id': '957769245264'}",0.035,1.469
Sport,"{'name': 'Sport', 'id': '919812032692'}",0.691,1.62,Water Sport,"{'name': 'Water Sport', 'id': '901265699631'}",0.034,
Sport,"{'name': 'Sport', 'id': '919812032692'}",0.691,1.62,American Football,"{'name': 'American Football', 'id': '893600890503'}",0.032,0.981
Sport,"{'name': 'Sport', 'id': '919812032692'}",0.691,1.62,Rugby,"{'name': 'Rugby', 'id': '957599074955'}",0.028,
Sport,"{'name': 'Sport', 'id': '919812032692'}",0.691,1.62,Volleyball,"{'name': 'Volleyball', 'id': '935508392210'}",0.028,0.634
Sport,"{'name': 'Sport', 'id': '919812032692'}",0.691,1.62,Golf,"{'name': 'Golf', 'id': '918611471680'}",0.027,
Sport,"{'name': 'Sport', 'id': '919812032692'}",0.691,1.62,Winter Sport,"{'name': 'Winter Sport', 'id': '901151529501'}",0.022,
Sport,"{'name': 'Sport', 'id': '919812032692'}",0.691,1.62,Basketball,"{'name': 'Basketball', 'id': '901240696013'}",0.018,0.693
Sport,"{'name': 'Sport', 'id': '919812032692'}",0.691,1.62,Handball,"{'name': 'Handball', 'id': '945550448942'}",0.013,
Sport,"{'name': 'Sport', 'id': '919812032692'}",0.691,1.62,Cricket (sports),"{'name': 'Cricket (sports)', 'id': '950863552876'}",0.011,
Travel,"{'name': 'Travel', 'id': '908182459161'}",0.688,1.444,Travel Destinations,"{'name': 'Travel Destinations', 'id': '958862518888'}",0.957,1.02
Travel,"{'name': 'Travel', 'id': '908182459161'}",0.688,1.444,Travel Ideas,"{'name': 'Travel Ideas', 'id': '904309328219'}",0.612,1.145
Travel,"{'name': 'Travel', 'id': '908182459161'}",0.688,1.444,Travel Tips,"{'name': 'Travel Tips', 'id': '950689877411'}",0.069,1.765
Travel,"{'name': 'Travel', 'id': '908182459161'}",0.688,1.444,Restaurant,"{'name': 'Restaurant', 'id': '945959299598'}",0.031,
DIY and Crafts,"{'name': 'DIY and Crafts', 'id': '934876475639'}",0.683,1.303,DIY Projects,"{'name': 'DIY Projects', 'id': '894309586150'}",0.502,0.951
DIY and Crafts,"{'name': 'DIY and Crafts', 'id': '934876475639'}",0.683,1.303,Woodworking,"{'name': 'Woodworking', 'id': '899049071324'}",0.482,4.386
DIY and Crafts,"{'name': 'DIY and Crafts', 'id': '934876475639'}",0.683,1.303,Fabric Crafts,"{'name': 'Fabric Crafts', 'id': '909430966917'}",0.429,0.735
DIY and Crafts,"{'name': 'DIY and Crafts', 'id': '934876475639'}",0.683,1.303,DIY Techniques and Supplies,"{'name': 'DIY Techniques and Supplies', 'id': '911900736333'}",0.179,1.173
DIY and Crafts,"{'name': 'DIY and Crafts', 'id': '934876475639'}",0.683,1.303,DIY Stationery,"{'name': 'DIY Stationery', 'id': '902014579881'}",0.129,0.535
DIY and Crafts,"{'name': 'DIY and Crafts', 'id': '934876475639'}",0.683,1.303,DIY Bag and Purse,"{'name': 'DIY Bag and Purse', 'id': '954200326838'}",0.113,1.829
DIY and Crafts,"{'name': 'DIY and Crafts', 'id': '934876475639'}",0.683,1.303,DIY Pottery,"{'name': 'DIY Pottery', 'id': '929616292607'}",0.097,1.773
DIY and Crafts,"{'name': 'DIY and Crafts', 'id': '934876475639'}",0.683,1.303,DIY Event,"{'name': 'DIY Event', 'id': '922120925682'}",0.082,0.423
DIY and Crafts,"{'name': 'DIY and Crafts', 'id': '934876475639'}",0.683,1.303,DIY Home and Decorations,"{'name': 'DIY Home and Decorations', 'id': '947657535178'}",0.078,0.714
DIY and Crafts,"{'name': 'DIY and Crafts', 'id': '934876475639'}",0.683,1.303,Polymer Crafts,"{'name': 'Polymer Crafts', 'id': '946907157789'}",0.067,1.479
DIY and Crafts,"{'name': 'DIY and Crafts', 'id': '934876475639'}",0.683,1.303,DIY Edible,"{'name': 'DIY Edible', 'id': '896201377663'}",0.045,1.029
DIY and Crafts,"{'name': 'DIY and Crafts', 'id': '934876475639'}",0.683,1.303,DIY Jewelry,"{'name': 'DIY Jewelry', 'id': '905972712093'}",0.019,0.415
DIY and Crafts,"{'name': 'DIY and Crafts', 'id': '934876475639'}",0.683,1.303,Beading,"{'name': 'Beading', 'id': '916525081982'}",0.012,0.551
Health,"{'name': 'Health', 'id': '898620064290'}",0.66,1.284,Diet and Nutrition,"{'name': 'Diet and Nutrition', 'id': '899102674037'}",0.514,0.802
Health,"{'name': 'Health', 'id': '898620064290'}",0.66,1.284,Lifestyle,"{'name': 'Lifestyle', 'id': '916100312986'}",0.322,0.72
Health,"{'name': 'Health', 'id': '898620064290'}",0.66,1.284,Medical,"{'name': 'Medical', 'id': '912753135383'}",0.193,2.11
Health,"{'name': 'Health', 'id': '898620064290'}",0.66,1.284,Weight Loss,"{'name': 'Weight Loss', 'id': '921895445919'}",0.016,0.369
Architecture,"{'name': 'Architecture', 'id': '918105274631'}",0.651,2.09,Landscape and Urbanism Architecture,"{'name': 'Landscape and Urbanism Architecture', 'id': '924770706928'}",0.585,2.577
Architecture,"{'name': 'Architecture', 'id': '918105274631'}",0.651,2.09,Residential Architecture,"{'name': 'Residential Architecture', 'id': '917763335785'}",0.543,1.676
Architecture,"{'name': 'Architecture', 'id': '918105274631'}",0.651,2.09,Architectural Style,"{'name': 'Architectural Style', 'id': '908797015303'}",0.456,0.69
Architecture,"{'name': 'Architecture', 'id': '918105274631'}",0.651,2.09,Commercial and Office Architecture,"{'name': 'Commercial and Office Architecture', 'id': '958567870080'}",0.344,1.805
Architecture,"{'name': 'Architecture', 'id': '918105274631'}",0.651,2.09,Educational Architecture,"{'name': 'Educational Architecture', 'id': '916646672676'}",0.103,3.695
Architecture,"{'name': 'Architecture', 'id': '918105274631'}",0.651,2.09,Cultural Architecture,"{'name': 'Cultural Architecture', 'id': '933965241695'}",0.031,
Gardening,"{'name': 'Gardening', 'id': '909983286710'}",0.618,1.604,Garden Design,"{'name': 'Garden Design', 'id': '901468450490'}",0.448,2.838
Gardening,"{'name': 'Gardening', 'id': '909983286710'}",0.618,1.604,Planting,"{'name': 'Planting', 'id': '916000423671'}",0.358,0.467
Gardening,"{'name': 'Gardening', 'id': '909983286710'}",0.618,1.604,Garden Types,"{'name': 'Garden Types', 'id': '926108676086'}",0.332,2.957
Gardening,"{'name': 'Gardening', 'id': '909983286710'}",0.618,1.604,Gardening Supplies,"{'name': 'Gardening Supplies', 'id': '909773049272'}",0.051,1.735
Women's Fashion,"{'name': ""Women's Fashion"", 'id': '948967005229'}",0.616,1.133,Women's Style,"{'name': ""Women's Style"", 'id': '947341333711'}",0.434,0.784
Women's Fashion,"{'name': ""Women's Fashion"", 'id': '948967005229'}",0.616,1.133,Women's Shoes,"{'name': ""Women's Shoes"", 'id': '923271066791'}",0.412,1.022
Women's Fashion,"{'name': ""Women's Fashion"", 'id': '948967005229'}",0.616,1.133,Women's Jewelry and Accessories,"{'name': ""Women's Jewelry and Accessories"", 'id': '916487219793'}",0.38,0.787
Women's Fashion,"{'name': ""Women's Fashion"", 'id': '948967005229'}",0.616,1.133,Women's Bottoms,"{'name': ""Women's Bottoms"", 'id': '936466861734'}",0.356,1.022
Women's Fashion,"{'name': ""Women's Fashion"", 'id': '948967005229'}",0.616,1.133,Women's Intimates,"{'name': ""Women's Intimates"", 'id': '955049894411'}",0.336,2.587
Women's Fashion,"{'name': ""Women's Fashion"", 'id': '948967005229'}",0.616,1.133,Women's Outfits by Occasions,"{'name': ""Women's Outfits by Occasions"", 'id': '895148303659'}",0.326,1.141
Women's Fashion,"{'name': ""Women's Fashion"", 'id': '948967005229'}",0.616,1.133,Women's Bag,"{'name': ""Women's Bag"", 'id': '941900382861'}",0.271,0.886
Women's Fashion,"{'name': ""Women's Fashion"", 'id': '948967005229'}",0.616,1.133,Dress,"{'name': 'Dress', 'id': '945391946569'}",0.264,0.54
Women's Fashion,"{'name': ""Women's Fashion"", 'id': '948967005229'}",0.616,1.133,Women's Activewear,"{'name': ""Women's Activewear"", 'id': '900866395493'}",0.195,0.654
Women's Fashion,"{'name': ""Women's Fashion"", 'id': '948967005229'}",0.616,1.133,Women's Outerwear,"{'name': ""Women's Outerwear"", 'id': '958088257491'}",0.137,1.776
Women's Fashion,"{'name': ""Women's Fashion"", 'id': '948967005229'}",0.616,1.133,Women's Top,"{'name': ""Women's Top"", 'id': '945391038177'}",0.076,0.41
Electronics,"{'name': 'Electronics', 'id': '960887632144'}",0.613,1.414,Cell Phones and Accessories,"{'name': 'Cell Phones and Accessories', 'id': '951444910525'}",0.298,0.421
Electronics,"{'name': 'Electronics', 'id': '960887632144'}",0.613,1.414,Computers Tablets and Accessories,"{'name': 'Computers Tablets and Accessories', 'id': '951929919689'}",0.071,1.105
Electronics,"{'name': 'Electronics', 'id': '960887632144'}",0.613,1.414,Cameras and Accessories,"{'name': 'Cameras and Accessories', 'id': '899043339668'}",0.047,1.817
Beauty,"{'name': 'Beauty', 'id': '935541271955'}",0.612,1.107,Hair,"{'name': 'Hair', 'id': '903411883690'}",0.688,0.773
Beauty,"{'name': 'Beauty', 'id': '935541271955'}",0.612,1.107,Skin Care,"{'name': 'Skin Care', 'id': '898977956499'}",0.415,0.735
Beauty,"{'name': 'Beauty', 'id': '935541271955'}",0.612,1.107,Makeup,"{'name': 'Makeup', 'id': '948264532184'}",0.244,0.59
Beauty,"{'name': 'Beauty', 'id': '935541271955'}",0.612,1.107,Bath and Body Care,"{'name': 'Bath and Body Care', 'id': '924324486050'}",0.212,0.613
Beauty,"{'name': 'Beauty', 'id': '935541271955'}",0.612,1.107,Nails,"{'name': 'Nails', 'id': '956143059915'}",0.181,0.516
Beauty,"{'name': 'Beauty', 'id': '935541271955'}",0.612,1.107,Men's Beauty,"{'name': ""Men's Beauty"", 'id': '944758664397'}",0.061,1.406
Vehicles,"{'name': 'Vehicles', 'id': '918093243960'}",0.609,2.122,Cars,"{'name': 'Cars', 'id': '950890153091'}",0.956,0.994
Vehicles,"{'name': 'Vehicles', 'id': '918093243960'}",0.609,2.122,Motorcycles and Scooter,"{'name': 'Motorcycles and Scooter', 'id': '927349329594'}",0.328,3.107
Vehicles,"{'name': 'Vehicles', 'id': '918093243960'}",0.609,2.122,Aircraft,"{'name': 'Aircraft', 'id': '923340792367'}",0.301,4.88
Vehicles,"{'name': 'Vehicles', 'id': '918093243960'}",0.609,2.122,Watercraft,"{'name': 'Watercraft', 'id': '945927342064'}",0.228,7.379
Vehicles,"{'name': 'Vehicles', 'id': '918093243960'}",0.609,2.122,Auto Services and Repair,"{'name': 'Auto Services and Repair', 'id': '895341869140'}",0.181,3.863
Vehicles,"{'name': 'Vehicles', 'id': '918093243960'}",0.609,2.122,Car and Motorcycle Design,"{'name': 'Car and Motorcycle Design', 'id': '896742500696'}",0.16,2.866
Vehicles,"{'name': 'Vehicles', 'id': '918093243960'}",0.609,2.122,Campers and RV,"{'name': 'Campers and RV', 'id': '903916128253'}",0.124,8.718
Vehicles,"{'name': 'Vehicles', 'id': '918093243960'}",0.609,2.122,Commercial Vehicles,"{'name': 'Commercial Vehicles', 'id': '957481581908'}",0.014,
Food and Drinks,"{'name': 'Food and Drinks', 'id': '918530398158'}",0.602,1.314,Meal Planning,"{'name': 'Meal Planning', 'id': '956336077278'}",0.809,1.076
Food and Drinks,"{'name': 'Food and Drinks', 'id': '918530398158'}",0.602,1.314,Desserts,"{'name': 'Desserts', 'id': '897118241776'}",0.556,0.757
Food and Drinks,"{'name': 'Food and Drinks', 'id': '918530398158'}",0.602,1.314,Drinks,"{'name': 'Drinks', 'id': '961675572303'}",0.513,1.306
Food and Drinks,"{'name': 'Food and Drinks', 'id': '918530398158'}",0.602,1.314,Fruit,"{'name': 'Fruit', 'id': '919979591528'}",0.285,0.885
Food and Drinks,"{'name': 'Food and Drinks', 'id': '918530398158'}",0.602,1.314,Appetizers,"{'name': 'Appetizers', 'id': '918804435640'}",0.282,1.421
Food and Drinks,"{'name': 'Food and Drinks', 'id': '918530398158'}",0.602,1.314,World Cuisine,"{'name': 'World Cuisine', 'id': '936568516643'}",0.188,0.712
Food and Drinks,"{'name': 'Food and Drinks', 'id': '918530398158'}",0.602,1.314,Salad,"{'name': 'Salad', 'id': '960683755187'}",0.107,1.206
Food and Drinks,"{'name': 'Food and Drinks', 'id': '918530398158'}",0.602,1.314,Cooking Method,"{'name': 'Cooking Method', 'id': '906644424942'}",0.094,0.636
Food and Drinks,"{'name': 'Food and Drinks', 'id': '918530398158'}",0.602,1.314,Special Diet,"{'name': 'Special Diet', 'id': '933485647561'}",0.093,0.644
Food and Drinks,"{'name': 'Food and Drinks', 'id': '918530398158'}",0.602,1.314,Bread,"{'name': 'Bread', 'id': '926528168958'}",0.061,0.713
Food and Drinks,"{'name': 'Food and Drinks', 'id': '918530398158'}",0.602,1.314,Snacks,"{'name': 'Snacks', 'id': '933786359108'}",0.049,0.366
Food and Drinks,"{'name': 'Food and Drinks', 'id': '918530398158'}",0.602,1.314,Meat,"{'name': 'Meat', 'id': '894405216090'}",0.048,0.767
Food and Drinks,"{'name': 'Food and Drinks', 'id': '918530398158'}",0.602,1.314,Sandwich,"{'name': 'Sandwich', 'id': '905475941341'}",0.035,1.697
Food and Drinks,"{'name': 'Food and Drinks', 'id': '918530398158'}",0.602,1.314,Pizza,"{'name': 'Pizza', 'id': '942890515467'}",0.029,1.528
Food and Drinks,"{'name': 'Food and Drinks', 'id': '918530398158'}",0.602,1.314,Condiments,"{'name': 'Condiments', 'id': '933556278983'}",0.019,0.797
Food and Drinks,"{'name': 'Food and Drinks', 'id': '918530398158'}",0.602,1.314,Seafood,"{'name': 'Seafood', 'id': '959197144864'}",0.017,0.486
Food and Drinks,"{'name': 'Food and Drinks', 'id': '918530398158'}",0.602,1.314,Soup,"{'name': 'Soup', 'id': '938111697483'}",0.016,0.391
Animals,"{'name': 'Animals', 'id': '925056443165'}",0.563,1.736,Animals and Pet Supplies,"{'name': 'Animals and Pet Supplies', 'id': '903972677830'}",0.39,1.336
Animals,"{'name': 'Animals', 'id': '925056443165'}",0.563,1.736,Bird,"{'name': 'Bird', 'id': '952174338649'}",0.302,2.111
Animals,"{'name': 'Animals', 'id': '925056443165'}",0.563,1.736,Mammals,"{'name': 'Mammals', 'id': '956932523301'}",0.209,0.97
Animals,"{'name': 'Animals', 'id': '925056443165'}",0.563,1.736,Arthropods,"{'name': 'Arthropods', 'id': '906756939414'}",0.05,0.919
Animals,"{'name': 'Animals', 'id': '925056443165'}",0.563,1.736,Sealife,"{'name': 'Sealife', 'id': '900726038026'}",0.049,1.934
Animals,"{'name': 'Animals', 'id': '925056443165'}",0.563,1.736,Amphibians,"{'name': 'Amphibians', 'id': '925019110188'}",0.013,
Quotes,"{'name': 'Quotes', 'id': '948192800438'}",0.559,1.135,Quotes by Genres,"{'name': 'Quotes by Genres', 'id': '919926839991'}",0.938,0.971
Quotes,"{'name': 'Quotes', 'id': '948192800438'}",0.559,1.135,Poetry,"{'name': 'Poetry', 'id': '928308391348'}",0.014,0.657
Parenting,"{'name': 'Parenting', 'id': '920236059316'}",0.529,1.389,Toys,"{'name': 'Toys', 'id': '957620480011'}",0.707,1.153
Parenting,"{'name': 'Parenting', 'id': '920236059316'}",0.529,1.389,Baby,"{'name': 'Baby', 'id': '933995299235'}",0.401,0.821
Parenting,"{'name': 'Parenting', 'id': '920236059316'}",0.529,1.389,Family Activities,"{'name': 'Family Activities', 'id': '953318189801'}",0.261,3.228
Parenting,"{'name': 'Parenting', 'id': '920236059316'}",0.529,1.389,Parenting Advice,"{'name': 'Parenting Advice', 'id': '953388819553'}",0.051,0.242
Parenting,"{'name': 'Parenting', 'id': '920236059316'}",0.529,1.389,Toddlers and Preschoolers,"{'name': 'Toddlers and Preschoolers', 'id': '936181027673'}",0.015,0.27
Men's Fashion,"{'name': ""Men's Fashion"", 'id': '924581335376'}",0.384,1.871,Men's Style,"{'name': ""Men's Style"", 'id': '903212673711'}",0.662,1.705
Men's Fashion,"{'name': ""Men's Fashion"", 'id': '924581335376'}",0.384,1.871,Men's Outfit by Occasions,"{'name': ""Men's Outfit by Occasions"", 'id': '954653184301'}",0.3,1.743
Men's Fashion,"{'name': ""Men's Fashion"", 'id': '924581335376'}",0.384,1.871,Men's Accessories,"{'name': ""Men's Accessories"", 'id': '958492379934'}",0.079,2.188
Men's Fashion,"{'name': ""Men's Fashion"", 'id': '924581335376'}",0.384,1.871,Men's Shoes,"{'name': ""Men's Shoes"", 'id': '925332366872'}",0.073,1.753
Men's Fashion,"{'name': ""Men's Fashion"", 'id': '924581335376'}",0.384,1.871,Men's Shirts and Top,"{'name': ""Men's Shirts and Top"", 'id': '912569390244'}",0.056,0.305
Men's Fashion,"{'name': ""Men's Fashion"", 'id': '924581335376'}",0.384,1.871,Men's Coats and Jacket,"{'name': ""Men's Coats and Jacket"", 'id': '945254310457'}",0.044,2.546
Event Planning,"{'name': 'Event Planning', 'id': '941870572865'}",0.373,0.842,Holiday,"{'name': 'Holiday', 'id': '910319220330'}",0.888,1.025
Event Planning,"{'name': 'Event Planning', 'id': '941870572865'}",0.373,0.842,Gifts,"{'name': 'Gifts', 'id': '915305016791'}",0.209,0.702
Event Planning,"{'name': 'Event Planning', 'id': '941870572865'}",0.373,0.842,Personal Celebration,"{'name': 'Personal Celebration', 'id': '944522520255'}",0.2,0.662
Event Planning,"{'name': 'Event Planning', 'id': '941870572865'}",0.373,0.842,Hosting Occasions,"{'name': 'Hosting Occasions', 'id': '945568894404'}",0.146,0.679
Event Planning,"{'name': 'Event Planning', 'id': '941870572865'}",0.373,0.842,School Celebration,"{'name': 'School Celebration', 'id': '929052754772'}",0.01,0.321
Wedding,"{'name': 'Wedding', 'id': '903260720461'}",0.318,0.964,Wedding Cake,"{'name': 'Wedding Cake', 'id': '959317080636'}",0.264,0.793
Wedding,"{'name': 'Wedding', 'id': '903260720461'}",0.318,0.964,Wedding Stationery,"{'name': 'Wedding Stationery', 'id': '916276424875'}",0.223,1.246
Wedding,"{'name': 'Wedding', 'id': '903260720461'}",0.318,0.964,Wedding Outfit,"{'name': 'Wedding Outfit', 'id': '953811328161'}",0.221,0.637
Wedding,"{'name': 'Wedding', 'id': '903260720461'}",0.318,0.964,Wedding Decor,"{'name': 'Wedding Decor', 'id': '919736858270'}",0.22,0.822
Wedding,"{'name': 'Wedding', 'id': '903260720461'}",0.318,0.964,Wedding Beauty,"{'name': 'Wedding Beauty', 'id': '957409379399'}",0.146,0.58
Wedding,"{'name': 'Wedding', 'id': '903260720461'}",0.318,0.964,Wedding Theme,"{'name': 'Wedding Theme', 'id': '942351364884'}",0.109,1.062
Wedding,"{'name': 'Wedding', 'id': '903260720461'}",0.318,0.964,Wedding Photography and Videography,"{'name': 'Wedding Photography and Videography', 'id': '960441076276'}",0.109,0.881
Wedding,"{'name': 'Wedding', 'id': '903260720461'}",0.318,0.964,Wedding Jewelry and Accessories,"{'name': 'Wedding Jewelry and Accessories', 'id': '903419085548'}",0.097,0.725
Wedding,"{'name': 'Wedding', 'id': '903260720461'}",0.318,0.964,Wedding Event,"{'name': 'Wedding Event', 'id': '918730759391'}",0.089,0.599
Wedding,"{'name': 'Wedding', 'id': '903260720461'}",0.318,0.964,Wedding Favors and Gifts,"{'name': 'Wedding Favors and Gifts', 'id': '945051572260'}",0.042,0.973
Finance,"{'name': 'Finance', 'id': '913207199297'}",0.149,2.884,Real Estate,"{'name': 'Real Estate', 'id': '961375696718'}",0.048,1.402
Finance,"{'name': 'Finance', 'id': '913207199297'}",0.149,2.884,Financial Planning,"{'name': 'Financial Planning', 'id': '922373956527'}",0.026,0.497
Children's Fashion,"{'name': ""Children's Fashion"", 'id': '903733943146'}",0.064,1.269,Children Clothing,"{'name': 'Children Clothing', 'id': '956070689933'}",0.442,1.406
Children's Fashion,"{'name': ""Children's Fashion"", 'id': '903733943146'}",0.064,1.269,Teen Clothing,"{'name': 'Teen Clothing', 'id': '930262486893'}",0.195,0.619
Children's Fashion,"{'name': ""Children's Fashion"", 'id': '903733943146'}",0.064,1.269,Baby Clothing,"{'name': 'Baby Clothing', 'id': '896035134714'}",0.051,0.438

Countries,Percent of audience
Other,0.528
United States,0.141
Russian Federation,0.063
India,0.061
Brazil,0.055
Germany,0.04
Mexico,0.032
France,0.031
United Kingdom,0.027
Canada,0.022

Metros,Percent of audience
Los Angeles,0.056
New York,0.052
Seattle-Tacoma,0.031
San Francisco-Oak-San Jose,0.022
"Washington, DC (Hagrstwn)",0.022
"Charleston, SC",0.021
Chicago,0.02
Dallas-Ft. Worth,0.02
Atlanta,0.018
Omaha,0.018

Gender,Percent of audience
Male,0.544
Female,0.387
Unspecified & custom,0.069

Device,Percent of audience
Web,0.416
Android Mobile,0.407
iPhone,0.369
iPad,0.088
Mobile Web,0.063
Android Tablet,0.04

Age,Percent of audience
25-34,0.33
35-44,0.211
18-24,0.169
55-64,0.083
45-49,0.076
50-54,0.062
65+,0.042

