Title,Media URL,Pinterest board,Thumbnail,Description,Link,Publish date,Keywords
Toyota Tacoma TRD Pro Tent-Mode Rooftop | Campers RV Desert Basecamp 2026,https://drive.google.com/uc?export=download&id=1Jou1nrL9U9z9HMPRKuwpcg8Ti-9JTrcG,Future Living & Off-Grid Tech,,"Save this for your overland expedition and Campers and RV board. The third-generation Toyota Tacoma TRD Pro is the benchmark mid-size truck for North American overlanding, with a factory Fox 2.5 internal bypass suspension, Bilstein rear shocks, multi-terrain select, and a crawl-control system that makes technical trails accessible without driver expertise. This TRD Pro in Lunar Rock has been rigged for a desert basecamp configuration: a Roofnest Sparrow Eye rooftop tent mounted on a Prinsu full-bed rail system, Pelican storage cases locked into the bed on a custom T-track rail, and a TailGater Tire Table deployed from the rear hitch. EcoFlow Delta Pro 2 is the power station for the bed. The truck is parked on a red-rock mesa in the Monument Valley Arizona-Utah corridor, the Mittens rising behind. No people visible. Save this before it disappears from your feed. #TacomaTRDPro #CampersAndRV #OverlandExpedition #MonumentValley #Roofnest #DesertBasecamp #EcoFlow",https://www.pinterest.com/wildbuild/,2026-08-23,"#TacomaTRDPro, #CampersAndRV, #OverlandExpedition, #MonumentValley, #Roofnest, #DesertBasecamp, #EcoFlow"
Serval African Savannah Dawn Stalk | Wilderkind Long-Legged Hunter 2026,https://drive.google.com/uc?export=download&id=1TVCmGNku7aq5F44ECswSB6OaSFf_-105,Smart Pet Wellness,,"Save this for your Wilderkind wildlife and rare predator board. The Serval is the most efficient hunter in the cat family by kill rate, succeeding on approximately 50 percent of all hunts, nearly double the success rate of the lion. The anatomical reason is the ears, which are the largest relative to body size of any cat species and give the Serval the ability to locate prey underground from above by sound alone. They stalk, then leap vertically 3 meters and pin the prey with their forepaws at the apex of the jump. The coat pattern, bold black spots and black dorsal stripes on a yellow-gold base, is unmistakable. On the open golden African savannah at dawn, this Serval is in a high-alert standing posture, the massive ears forward and tilted, the amber eyes at full attention, the spotted coat catching the first warm horizontal light of the day. Save this before it disappears. #Wilderkind #Serval #AfricanSavannah #WildlifePhotography #LongLegs #PredatorPortrait #HunterCat",https://www.pinterest.com/wildbuild/,2026-08-23,"#Wilderkind, #Serval, #AfricanSavannah, #WildlifePhotography, #LongLegs, #PredatorPortrait, #HunterCat"
Corten Steel Wave-Form Wall Glass Pavilion | Metal Art Watercraft 2026,https://drive.google.com/uc?export=download&id=17euRJWx34RsUNz-tnPqUqqqUDZ0BVzTD,Future Living & Off-Grid Tech,,"Save this for your industrial steel and watercraft architecture board. The wave-form Corten steel panel is one of the most structurally efficient shapes in sheet metal architecture: the sinusoidal profile transfers lateral loads without stiffeners, making it self-bracing. When used as a building envelope on a waterfront pavilion, the corrugated amber-rust surface creates a textural dialogue with the water below. This glass pavilion on Lake Michigan uses hand-pressed wave-form 3mm Corten panels as the primary wall system on the north and east elevations, with a full-glass south and west exposure facing the lake. The wave-form pattern is irregular, mimicking natural geology rather than a manufactured grid. EcoFlow Delta Pro 2 triple stack handles power. A vintage wooden Chris-Craft is moored at the floating dock. Save this before it disappears. #CortenSteel #MetalArt #WaveCorten #WatercraftArchitecture #LakeMichigan #GlassPavilion #EcoFlow",https://www.pinterest.com/wildbuild/,2026-08-23,"#CortenSteel, #MetalArt, #WaveCorten, #WatercraftArchitecture, #LakeMichigan, #GlassPavilion, #EcoFlow"
Rhodesian Ridgeback Kruger Savannah | Adventure Dog Lion Hunter 2026,https://drive.google.com/uc?export=download&id=1TaoPPgNiJIXU38WBgOslxR_3hiRBh2vW,Smart Pet Wellness,,"Save this for your adventure dog and large breed photography board. The Rhodesian Ridgeback is the only dog originally developed to hunt lions in the African bush, working in packs to bay a lion at a tree while the hunters approached on horseback. The defining feature is the ridge: a strip of hair growing in the reverse direction along the spine from the shoulders to the hips, ending in two symmetrical crowns. In a burnished late-afternoon Kruger National Park savannah, this deep-wheaten Ridgeback is standing in full alert profile on a rocky granite koppie, surveying the landscape below. The deep chest, the powerful neck, the strong lean legs, and the ridge clearly visible along the spine. The amber-brown eyes are calm but completely absorbed. Save this before it disappears. #RhodesianRidgeback #AdventureDog #KrugerNationalPark #LionHunter #AfricanDog #DogPhotography #RidgebackLife",https://www.pinterest.com/wildbuild/,2026-08-23,"#RhodesianRidgeback, #AdventureDog, #KrugerNationalPark, #LionHunter, #AfricanDog, #DogPhotography, #RidgebackLife"
Tacoma Wedge Camper Winch Boulder Field | Campers RV Technical Terrain 2026,https://drive.google.com/uc?export=download&id=1vDMJrF-9248bgvnfBCAzDotRELByl3dg,Future Living & Off-Grid Tech,,"Save this for your overland expedition and Campers and RV board. The wedge camper is the most aerodynamically efficient format for a truck-bed slide-in: a low-profile hard shell with a pop-up section in the rear, giving full standing height only where it is needed and reducing the vehicle's centre of gravity compared to a tall box camper. This Tacoma in Army Green is fitted with a custom aluminium wedge camper shell and parked at the apex of a boulder-field ascent in the Rubicon Trail in California. A front-mounted Warn Zeon 10-S winch is deployed, the synthetic rope attached to a recovery anchor. The pop-up roof section of the camper is raised 18 inches revealing the sleeping platform above the cab. EcoFlow Delta Pro 2 handles power. Granite boulders surround the truck in every direction. Save this before it disappears. #TacomaWedgeCamper #CampersAndRV #RubiconTrail #BoulderField #OverlandBuild #WinchRecovery #EcoFlow",https://www.pinterest.com/wildbuild/,2026-08-23,"#TacomaWedgeCamper, #CampersAndRV, #RubiconTrail, #BoulderField, #OverlandBuild, #WinchRecovery, #EcoFlow"
Burmese Cat Amber Velvet Dusk | Indoor Luxury Satin Coat Portrait 2026,https://drive.google.com/uc?export=download&id=1lGnpzv0NymB3zXN25Mtf6aQcA7ZOXCuJ,Smart Pet Wellness,,"Save this for your rare breed and indoor luxury cat photography board. The Burmese is known as the dog of the cat world for its intense people-orientation; it follows its owner from room to room and prefers to be in physical contact at all times. The coat is the breed's signature aesthetic: an extremely short, satin-fine fur with almost zero undercoat that lies perfectly flat against the muscular body, catching light the way polished stone does rather than the way fabric does. This creates a coat that appears wet even when dry. This rich dark sable Burmese is curled on a deep amber velvet chaise longue in the warm last light of a San Francisco Victorian bay-window alcove. The sable coat and the amber velvet are within the same colour register, creating an almost monochromatic composition broken only by the round, luminous gold eyes. Save this before it disappears. #BurmeseCat #IndoorLuxury #RareCatBreed #SatinCoat #CatPortrait #VictorianInterior #LuxuryPetLife",https://www.pinterest.com/wildbuild/,2026-08-23,"#BurmeseCat, #IndoorLuxury, #RareCatBreed, #SatinCoat, #CatPortrait, #VictorianInterior, #LuxuryPetLife"
Ram 1500 TRX Luxury Overland Studio | Campers RV Premium Truck Build 2026,https://drive.google.com/uc?export=download&id=1iFPqDh3PuE-4fA-PlNmMgLU8EJnN2KBr,Future Living & Off-Grid Tech,,"Save this for your premium overland truck and Campers and RV board. The Ram 1500 TRX is the most powerful production pickup truck ever built, with a supercharged 6.2L Hellcat V8 producing 702 horsepower and a factory Fox shock system with semi-active control that allows the 6,400-pound truck to absorb full-speed desert whoops without driver input. This TRX in Hydro Blue has been converted into a luxury basecamp vehicle: a Leer 100XL tonneau converted into a full camping rear-bed unit with a pop-top, refrigerated drawer system, 400W solar roof, and a custom cedar interior with mood lighting. The truck is parked at a lakeside camp in the Great Basin Desert of Nevada at the golden hour, the alkaline flat reflecting the sky and the truck simultaneously. EcoFlow Delta Pro 3 handles all power needs. Save this before it disappears. #Ram1500TRX #CampersAndRV #LuxuryOverland #GreatBasinDesert #TRXBuild #SuperchargedTruck #EcoFlow",https://www.pinterest.com/wildbuild/,2026-08-24,"#Ram1500TRX, #CampersAndRV, #LuxuryOverland, #GreatBasinDesert, #TRXBuild, #SuperchargedTruck, #EcoFlow"
Fishing Cat Bengal Delta Mangrove | Wilderkind Water Hunter 2026,https://drive.google.com/uc?export=download&id=1KC8OghnaXjibVy0MViOxTEXc2aZ6AwNr,Smart Pet Wellness,,"Save this for your Wilderkind wildlife and rare predator board. The Fishing Cat is one of the most physically specialized cats in the world, with partially webbed forepaws for swimming, a short dense water-resistant double coat, and a body plan built for wading and diving rather than running. It hunts by crouching at the water's edge, then scooping fish with a hooked claw strike faster than the human eye can track. The coat carries an olive-grey base with dark spots and dorsal streaks. In the mangrove delta of the Sundarbans at low tide, this Fishing Cat is standing at the waterline on an exposed mudflat, one webbed forepaw raised, its focus completely locked on the water below. The late afternoon tidal light reflects across the mud and water simultaneously. Save this before it disappears. #Wilderkind #FishingCat #Sundarbans #WildlifePhotography #WebPaws #WaterCat #PredatorPortrait",https://www.pinterest.com/wildbuild/,2026-08-24,"#Wilderkind, #FishingCat, #Sundarbans, #WildlifePhotography, #WebPaws, #WaterCat, #PredatorPortrait"
Welded Steel Observation Tower Glass Top | Metal Art Architecture Wilderness 2026,https://drive.google.com/uc?export=download&id=12y9qc0tcfIaJCA0qwiRa4t8YxIV46B4t,Future Living & Off-Grid Tech,,"Save this for your industrial steel and wilderness architecture board. A fire lookout tower reimagined for the 21st century becomes a structure where the steel frame, welded and exposed, does the talking, and the glass box at the top does the seeing. This 40-foot welded steel observation tower on a ridge in the Olympic National Forest uses 4-inch square steel tube columns, cross-braced with flat steel plate tension rods, and topped with a 12x12-foot all-glass habitable room on a rotating platform. The glass room holds a minimalist bed, a folding desk, and an EcoFlow Delta Pro 2 power system. At 40 feet above the ridge, the tree canopy is below the windows on all four sides. The steel has been allowed to rust naturally to a warm ochre patina that blends with the forest floor colour. Save this before it disappears. #SteelTower #MetalArt #ObservationTower #OlympicNationalForest #GlassRoom #WeldedSteel #EcoFlow",https://www.pinterest.com/wildbuild/,2026-08-24,"#SteelTower, #MetalArt, #ObservationTower, #OlympicNationalForest, #GlassRoom, #WeldedSteel, #EcoFlow"
Irish Wolfhound Scottish Highland Loch | Adventure Dog Giant Ancient 2026,https://drive.google.com/uc?export=download&id=1BkW6gcIZf18RyYKs037YITDQmsLF7QAu,Smart Pet Wellness,,"Save this for your adventure dog and giant breed photography board. The Irish Wolfhound is the tallest breed in the world, capable of looking a standing adult directly in the eye. Bred in ancient Ireland to hunt wolves and elk, they possess a rough, wiry double coat in grey-brindle, a long deep chest, and a long, curved tail. Despite their enormous size, they move with a fluid, bounding gallop that can cover terrain at 40km/h. On a misty Scottish Highland loch shore, this grey-brindle Irish Wolfhound is standing still at the water's edge, the massive rough coat catching the soft diffused mist light. The reflection in the still loch doubles the silhouette. The long curved tail hangs still. The ancient, patient brown eyes look directly at the camera. Save this before it disappears. #IrishWolfhound #AdventureDog #ScottishHighlands #GiantBreed #WolfHunter #DogPhotography #LochSide",https://www.pinterest.com/wildbuild/,2026-08-24,"#IrishWolfhound, #AdventureDog, #ScottishHighlands, #GiantBreed, #WolfHunter, #DogPhotography, #LochSide"
Airstream Globetrotter 30 Mountain Lake Glass | Campers RV Premium Interior 2026,https://drive.google.com/uc?export=download&id=1iy-v3FzGPF4CpZJ934XQyu0Y2_qtbXl9,Future Living & Off-Grid Tech,,"Save this for your luxury Airstream and Campers and RV board. The Airstream Globetrotter 30 is the European-influenced model in the Airstream range, distinguished by its all-white interior, slim-profile minimalist cabinetry, and panoramic skylight that runs almost the full length of the trailer. It is 30 feet of riveted aluminium with a residential feel. This Globetrotter 30 in polished silver is parked directly at the edge of a Colorado mountain lake, the rear of the trailer aligned with the water so that the rear panoramic window frames the lake and the Elk Range peaks behind. The awning is deployed. At night, the illuminated white interior glows warmly through the aluminium skin, the full-length skylight radiating ambient light upward into the dark Colorado sky. EcoFlow Delta Pro 3 triple stack powers the all-electric interior. Save this before it disappears. #AirstreamGlobetrotter #CampersAndRV #MountainLake #LuxuryRV #ColoradoCamping #AirstreamLife #EcoFlow",https://www.pinterest.com/wildbuild/,2026-08-24,"#AirstreamGlobetrotter, #CampersAndRV, #MountainLake, #LuxuryRV, #ColoradoCamping, #AirstreamLife, #EcoFlow"
Devon Rex Cat Industrial Bookshelf | Indoor Luxury Curly Pixie Portrait 2026,https://drive.google.com/uc?export=download&id=1Yc6EsC9M3T6oWR7kFobb7NdRxIsXgdoq,Smart Pet Wellness,,"Save this for your rare breed and indoor luxury cat photography board. The Devon Rex is the pixie cat, a mutation that affects the hair shaft structure, producing a soft, wavy curl rather than a straight coat. Each individual hair is so fine and short that the coat has almost no coverage density, revealing the skin beneath the curls on many areas of the body. The enormous wide-set eyes, huge low-set ears, and elfin face combined with the near-nakedness of the curly coat give the Devon Rex an otherworldly quality unique in the domestic cat world. This red-brown tortoiseshell Devon Rex is sitting on a polished concrete industrial bookshelf in a Seattle loft, surrounded by design books. The curly coat catches the light at the apex of each wave. The enormous eyes are impossibly green. Save this before it disappears. #DevonRex #IndoorLuxury #RareCatBreed #PixieCat #CurlyCat #CatPortrait #SeattleLoft",https://www.pinterest.com/wildbuild/,2026-08-24,"#DevonRex, #IndoorLuxury, #RareCatBreed, #PixieCat, #CurlyCat, #CatPortrait, #SeattleLoft"
Hilux Revo Double Cab Solar Panel Camper | Campers RV Remote Australia 2026,https://drive.google.com/uc?export=download&id=1B161s2tsQd7hTzawKj_IxRpeqxrryKq5,Future Living & Off-Grid Tech,,"Save this for your overland expedition and Campers and RV board. The Toyota HiLux Revo is the backbone of Australian outback travel, with a 2.8L turbo diesel engine, a robust independent front suspension, and leaf springs in the rear chosen specifically for their load-bearing durability over corrugated dirt roads. This HiLux Revo in Graphite has been fitted with an ARB aluminium canopy over the dual-cab tray, four flexible solar panels flush-mounted on the canopy roof, a 150L ARB fridge-freezer inside the canopy on slides, and a Darche OzTrail awning on the driver side. It is parked on a remote red dirt track in the Kimberley region of Western Australia at the end of a dry season day. The termite mounds rise 3 meters on either side. EcoFlow Delta Pro 2 manages the power. Save this before it disappears. #HiLuxRevo #CampersAndRV #KimberleyAustralia #AustralianOverland #ARBCanopy #RemoteAustralia #EcoFlow",https://www.pinterest.com/wildbuild/,2026-08-25,"#HiLuxRevo, #CampersAndRV, #KimberleyAustralia, #AustralianOverland, #ARBCanopy, #RemoteAustralia, #EcoFlow"
Clouded Leopard Yunnan Province | Wilderkind Canopy Phantom 2026,https://drive.google.com/uc?export=download&id=1whc73Hm7qRoIvKbx_8UtVM8SmTvLjbAb,Smart Pet Wellness,,"Save this for your Wilderkind wildlife and rare predator board. The Clouded Leopard is the subject of intense scientific debate because its cloud markings are so unique in the cat family that taxonomists have had difficulty classifying it relative to the big cats. It occupies a physically intermediate position: it has the longest canines relative to skull size of any living felid, exceeding even the big cats, but it is substantially smaller in body mass than the big cats. In the dense Yunnan Province cloud forest at mid-day, this Clouded Leopard is walking along a wide horizontal branch with one hind foot hanging loosely off the branch, the extraordinary cloud-pattern coat catching the dappled green light. The translucent green of the forest canopy above creates an aquarium-like diffusion of light. Save this before it disappears. #Wilderkind #CloudedLeopard #YunnanForest #WildlifePhotography #CloudPattern #PhantomCat #CanopyPredator",https://www.pinterest.com/wildbuild/,2026-08-25,"#Wilderkind, #CloudedLeopard, #YunnanForest, #WildlifePhotography, #CloudPattern, #PhantomCat, #CanopyPredator"
Corten Steel Deck Canopy Marina House | Metal Art Watercraft Architecture 2026,https://drive.google.com/uc?export=download&id=1Y8n0i9DIzj_3r7xXBdirJqbJk_waDlS-,Future Living & Off-Grid Tech,,"Save this for your Corten steel waterfront and watercraft architecture board. A marina-integrated residence uses the architecture of the dock itself as the primary material vocabulary: steel, wood, water, and the weathered surfaces of a working boatyard. This Corten steel house on a private marina slip in Newport Beach California makes no attempt to be refined. The structural steel is exposed on all elevations, the Corten panels are of varying thicknesses showing different stages of patina development, and the weathered marine-grade timber deck wraps around three sides of the ground level, extending over the water on the dock side. A 42-foot sloop is moored directly at the dock door. The upper level has a panoramic glass projection over the marina. EcoFlow Pro manages the power. Save this before it disappears. #CortenSteel #MetalArt #MarinaHouse #WatercraftArchitecture #NewportBeach #SteelHome #EcoFlow",https://www.pinterest.com/wildbuild/,2026-08-25,"#CortenSteel, #MetalArt, #MarinaHouse, #WatercraftArchitecture, #NewportBeach, #SteelHome, #EcoFlow"
Borzoi Siberian Birch Forest Mist | Adventure Dog Russian Sighthound 2026,https://drive.google.com/uc?export=download&id=16EIgPBxDllnyb8Otbt3cx2L4Zwaw-4GV,Smart Pet Wellness,,"Save this for your adventure dog and rare breed sighthound photography board. The Borzoi is the Russian aristocratic sighthound, bred for hunting wolves at full speed across open Russian steppes. They were the exclusive property of the Russian nobility and were gifted in pairs as the highest form of diplomatic honour. The coat is unlike any other sighthound: long, silky, and wavy or curly on the neck and flanks, while the face and legs carry a shorter, smoother fur. This contrast creates a dog that appears to have two different coat types simultaneously. This white Borzoi with cream markings is at a slow, effortless trot through a still Siberian birch forest in autumn mist. The long silky coat floats with each stride. The narrow, elongated skull and the arched back are unmistakable. Save this before it disappears. #Borzoi #AdventureDog #SiberianForest #RussianSighthound #RareBreed #DogPhotography #WolfHunter",https://www.pinterest.com/wildbuild/,2026-08-25,"#Borzoi, #AdventureDog, #SiberianForest, #RussianSighthound, #RareBreed, #DogPhotography, #WolfHunter"
Glass Boathouse Dock de Havilland Otter | Watercraft Aircraft Architecture 2026,https://drive.google.com/uc?export=download&id=1v__AGPtKAlgEdKBKg1f2JWFy0n-waVvw,Future Living & Off-Grid Tech,,"Save this for your float plane and watercraft architecture board. The de Havilland Twin Otter is the working aircraft of the remote Canadian north, capable of landing on floats, wheels, or skis, and is one of the few aircraft certified for operation in the most demanding bush conditions. A glass boathouse designed to also serve as a float plane hangar on a Great Slave Lake inlet in the Northwest Territories serves both the boat moored at the dock and the Twin Otter on floats. The building is steel-framed with a full-glass east wall and a motorized hangar door on the water side tall enough for the Twin Otter's tail. Inside: a workshop, a small kitchen, and an EcoFlow Delta Pro 2 triple stack. At dusk, the warm interior light pours through the glass wall into the still subarctic water. Save this before it disappears. #GlassBoathouse #WatercraftArchitecture #FloatPlane #TwinOtter #GreatSlaveLake #SteelFrame #EcoFlow",https://www.pinterest.com/wildbuild/,2026-08-25,"#GlassBoathouse, #WatercraftArchitecture, #FloatPlane, #TwinOtter, #GreatSlaveLake, #SteelFrame, #EcoFlow"
Russian Blue Cat Rainy Window Slate | Indoor Luxury Silver-Blue Portrait 2026,https://drive.google.com/uc?export=download&id=1eTQgZLTgK625XADCT698n2rPdw2e_XyJ,Smart Pet Wellness,,"Save this for your rare breed and indoor luxury cat photography board. The Russian Blue is defined by a single extraordinary colour effect: the double coat in medium-grey is silver-tipped on each hair, creating a coat that appears to shimmer between blue and silver depending on the angle of the light. The tipping effect means the coat is brighter at the surface than at the base, giving a three-dimensional luminosity that no photograph quite captures and every photograph tries to. The brilliant emerald green eyes are the genetic second miracle of the breed. This silver-blue Russian Blue is sitting on a slate window sill in a London Georgian terrace at heavy rain, the grey London sky providing the perfect cooler tones to complement the silver-blue coat. The emerald eyes are the only warm element in the frame. Save this before it disappears. #RussianBlue #IndoorLuxury #RareCatBreed #SilverBlue #CatPortrait #LondonTerrace #EmeraldEyes",https://www.pinterest.com/wildbuild/,2026-08-25,"#RussianBlue, #IndoorLuxury, #RareCatBreed, #SilverBlue, #CatPortrait, #LondonTerrace, #EmeraldEyes"
Jeep Wrangler Rubicon 392 Coyote Camp | Campers RV Desert Expedition 2026,https://drive.google.com/uc?export=download&id=1Wzet0yx5WGnNolxTQ6n_cxzspXt9lXR2,Future Living & Off-Grid Tech,,"Save this for your overland expedition and Campers and RV board. The Jeep Wrangler Rubicon 392 is the most powerful Wrangler ever built, running the Hellcat-derived 6.4L 392 HEMI V8 in a body-on-frame chassis with the legendary Rubicon axle package: Dana 44 AdvanTEK front and rear, electronic lockers, sway-bar disconnect, and 4.56 final drive gears. This 392 in Sarg Green is set up as a weekend desert expedition vehicle with a Gobi rooftop tent, an ARB Summit bumper with a Warn 10,000-pound winch, two Hi-Lift jacks, and a MaxTrax recovery board. The Wrangler is parked in the sand dunes of the Gran Desierto de Altar in Sonora, Mexico at dawn, the massive orange dunes behind. EcoFlow Delta Pro 2 handles the power. Save this before it disappears. #WranglerRubicon392 #CampersAndRV #GranDesierto #DesertExpedition #JeepLife #Rubicon392 #EcoFlow",https://www.pinterest.com/wildbuild/,2026-08-26,"#WranglerRubicon392, #CampersAndRV, #GranDesierto, #DesertExpedition, #JeepLife, #Rubicon392, #EcoFlow"
Jaguarundi Costa Rica Streambed | Wilderkind Weasel Cat Mystery 2026,https://drive.google.com/uc?export=download&id=1dg0fgt31cOH7gU5ee0XsERipgrhOLufv,Smart Pet Wellness,,"Save this for your Wilderkind wildlife and rare predator board. The Jaguarundi is the most un-cat-like cat in the Americas: small, elongated, with a flattened weasel-like head, rounded ears set low and wide, and a long sinuous body. The coat comes in two distinct colour phases independently: a uniform dark charcoal-grey phase and a uniform reddish-chestnut phase. Unlike all other spotted cats, it has no pattern. The colour phases were originally described as two separate species before the genetic analysis resolved them. In a humid Costa Rican streambed at mid-morning, this slate-grey phase Jaguarundi is moving along the streambank with the flowing, low, rippling gait that makes it look more like a mustelid than a felid. The flat head is close to the ground. The long tail sweeps low. Save this before it disappears. #Wilderkind #Jaguarundi #CostaRicaWildlife #WildlifePhotography #WeaselCat #SmallWildCat #GreyPhase",https://www.pinterest.com/wildbuild/,2026-08-26,"#Wilderkind, #Jaguarundi, #CostaRicaWildlife, #WildlifePhotography, #WeaselCat, #SmallWildCat, #GreyPhase"
Weathered Steel Floating Sauna Lake | Corten Metal Art Watercraft 2026,https://drive.google.com/uc?export=download&id=1KRUiYCfze-2txpAcecEeSg8890jSJ_Kn,Future Living & Off-Grid Tech,,"Save this for your floating architecture and metal art sauna board. A floating sauna on a dark Scandinavian lake is a specific off-grid typology that combines the most elemental architecture with the most elemental ritual. This Corten steel-clad floating sauna on a lake in northern Finland uses the simplest possible form: a rectangular box with a mono-pitch roof, clad entirely in perforated Corten steel panels that allow steam to vent through the perforations while retaining the amber-rust aesthetic. The sauna itself uses a wood-burning Helo kiuas with a stack of granite Löyly stones. A cedar deck wraps around the water side, with dock cleats for a wooden rowing skua. The floating structure uses sealed HDPE pontoons. The dark Finnish lake is mirror-still at midnight in the blue hour of a Finnish summer. EcoFlow Delta Pro handles emergency power. Save this before it disappears. #CortenSteel #MetalArt #FloatingSauna #FinnishSauna #WatercraftArchitecture #NorthernFinland #NordicDesign",https://www.pinterest.com/wildbuild/,2026-08-26,"#CortenSteel, #MetalArt, #FloatingSauna, #FinnishSauna, #WatercraftArchitecture, #NorthernFinland, #NordicDesign"
Chinook Dog Mount Washington Winter | Adventure Dog Sled Breed 2026,https://drive.google.com/uc?export=download&id=1320EzWyT7Iemafewsx8MWhNwTgYLphnk,Smart Pet Wellness,,"Save this for your adventure dog and rare working breed photography board. The Chinook is the rarest sled dog breed in the world, developed by Arthur Treadwell Walden in New Hampshire in 1917 and nearly extinct by the 1960s, with a global population that dropped to fewer than 30 individuals at its lowest point. The breed combines the strength and endurance of the Malamute with the speed and intelligence of the Greenland Husky in a tawny-fawn coat with a dark face masking. On the summit ridge of Mount Washington in New Hampshire in deep winter, this tawny Chinook is standing in the snow, the face mask visible against the winter-white face, the dense double coat standing off the body against the summit wind. The Presidential Range stretches behind. Save this before it disappears. #Chinook #AdventureDog #MountWashington #RarestSleddogBreed #NewHampshire #WorkingDog #DogPhotography",https://www.pinterest.com/wildbuild/,2026-08-26,"#Chinook, #AdventureDog, #MountWashington, #RarestSleddogBreed, #NewHampshire, #WorkingDog, #DogPhotography"
Winnebago Travato 59KL Desert Southwest | Campers RV Class B Van 2026,https://drive.google.com/uc?export=download&id=1vXI_bkUC1ZBlMnm5e5glLFuWZQB3mwd_,Future Living & Off-Grid Tech,,"Save this for your compact Class B van and Campers and RV board. The Winnebago Travato is the best-selling Class B motorhome in North America, built on the Fiat Ducato platform with a 3.0L EcoDiesel. The 59KL floor plan is notable for its innovative Flex bed system, which converts from two singles to a full queen without removing anything from the van, and an Oasis thermal management system that provides 5 hours of heating without running the engine. This Travato 59KL in Sagebrush is parked on the floor of Canyon de Chelly National Monument in Arizona at the base of the sandstone canyon walls, the White House Ruins visible in an alcove in the cliff behind the van. The amber sandstone canyon is 1,000 feet tall. EcoFlow Pro supplements the onboard Oasis system. Save this before it disappears. #WinnebagoTravato #CampersAndRV #CanyonDeChelly #ClassBVan #CompactCamper #DesertCamping #EcoFlow",https://www.pinterest.com/wildbuild/,2026-08-26,"#WinnebagoTravato, #CampersAndRV, #CanyonDeChelly, #ClassBVan, #CompactCamper, #DesertCamping, #EcoFlow"
Peterbald Russian Hairless Marble Bathroom | Indoor Luxury Elegant Cat 2026,https://drive.google.com/uc?export=download&id=1YRXVqsJIgzK_C2_6lQo6BPQbQKcpoAqv,Smart Pet Wellness,,"Save this for your rare breed and indoor luxury cat photography board. The Peterbald is the Russian hairless breed, developed by crossing the Oriental Shorthair with the Don Sphynx in St. Petersburg in 1994. Unlike the Sphynx, the Peterbald's hairlessness is caused by a hair-loss gene that acts progressively, and many Peterbalds are born with a flocked or brush coat that is shed over the first two years of life. The adult Peterbald combines the angular, extreme geometry of the Oriental Shorthair head with the complete hairlessness of the Sphynx body, producing a cat that looks like a living architectural rendering. This warm apricot-skin Peterbald is draped across a cool Arabescato marble bathroom countertop in a Moscow penthouse. The pale peach skin against the dark grey marble veining is a colour study. Save this before it disappears. #Peterbald #IndoorLuxury #RareCatBreed #RussianHairless #CatPortrait #MoscowPenthouse #MarbleContrast",https://www.pinterest.com/wildbuild/,2026-08-26,"#Peterbald, #IndoorLuxury, #RareCatBreed, #RussianHairless, #CatPortrait, #MoscowPenthouse, #MarbleContrast"
Ford Maverick Tremor Micro-Overland | Campers RV Compact Pickup 2026,https://drive.google.com/uc?export=download&id=1tQ22sZtMCXxXGAtGhrL9cmOnyqC3FDwS,Future Living & Off-Grid Tech,,"Save this for your compact pickup overland and Campers and RV board. The Ford Maverick Tremor is the first factory off-road package on a unibody compact pickup truck, featuring an AWD system, a two-inch lift, underbody skid plates, and All-Terrain tires on a 4,000-pound vehicle. The combination of compact dimensions and genuine off-road capability unlocks campsites inaccessible to full-size trucks. This Maverick Tremor in Area 51 Blue is rigged with a Tuff Stuff Overland rooftop tent folded on a custom bed rack over a Pelican case load and a National Luna 50L fridge. It is parked on a rocky coastal access track on the Big Sur coast in California above a hidden cove. EcoFlow Delta 2 handles the minimal power needs of the compact setup. Fog rolling in from the Pacific. Save this before it disappears. #FordMaverickTremor #CampersAndRV #MicroOverland #BigSur #CompactTruck #CoastalCamp #EcoFlow",https://www.pinterest.com/wildbuild/,2026-08-27,"#FordMaverickTremor, #CampersAndRV, #MicroOverland, #BigSur, #CompactTruck, #CoastalCamp, #EcoFlow"
Leopard Masai Mara Termite Mound Dusk | Wilderkind Savannah Leopard 2026,https://drive.google.com/uc?export=download&id=18tlSSKFt5f-Ricbn9B6lrTenONK78KHm,Smart Pet Wellness,,"Save this for your Wilderkind wildlife and rare predator board. The Leopard is the most successful large cat in the world by range, surviving in 37 countries across Africa and Asia while every other big cat contracts. It owes this success to adaptability: it eats 92 species of prey, lives in desert, rainforest, cloud forest, and urban fringe, and is the only big cat that routinely cache kills in trees to protect them from lions and hyenas. The coat pattern of circular dark rosettes on a warm golden base is the most recognizable in the animal kingdom. At dusk on the Masai Mara, this female leopard is sitting in a regal, upright posture on the flat top of a large termite mound, the amber dusk light creating a rim-light halo around her silhouette. The rosettes catch the light. The green eyes glow. Save this before it disappears. #Wilderkind #Leopard #MasaiMara #WildlifePhotography #BigCatPortrait #DuskLight #RimLight",https://www.pinterest.com/wildbuild/,2026-08-27,"#Wilderkind, #Leopard, #MasaiMara, #WildlifePhotography, #BigCatPortrait, #DuskLight, #RimLight"
Steel Glass Gravel Cycling Farmhouse | Metal Art Cycling Architecture 2026,https://drive.google.com/uc?export=download&id=1lpIgI5CV4aElxPRLWpzukxec16zkxUv7,Future Living & Off-Grid Tech,,"Save this for your cycling architecture and metal art design board. The gravel cycling movement has created a new architectural typology: the dedicated cycling farmhouse, a rural property designed around the cycling life, with specific architectural features for a bike culture. This steel-and-glass cycling farmhouse in Flanders Belgium features a ground-level workshop with a full glass wall facing the garden, where five high-end gravel bikes are visible hanging on individual wall mounts. A Corten steel rain screen on the north elevation channels rainwater into a collection tank. The farmhouse is positioned at the junction of three gravel lanes, the Belgian cobblestones transitioning into gravel in three directions. EcoFlow Pro manages the solar-powered workshop. Save this before it disappears. #SteelAndGlass #MetalArt #GravelCycling #FlandersFarmhouse #CyclingArchitecture #CortenSteel #EcoFlow",https://www.pinterest.com/wildbuild/,2026-08-27,"#SteelAndGlass, #MetalArt, #GravelCycling, #FlandersFarmhouse, #CyclingArchitecture, #CortenSteel, #EcoFlow"
Wirehaired Vizsla Montana River | Adventure Dog Rusty Wire Portrait 2026,https://drive.google.com/uc?export=download&id=1pba2faoSAxmjo12dgh-A2dy2ZsofaUJH,Smart Pet Wellness,,"Save this for your adventure dog and rare breed photography board. The Wirehaired Vizsla is the less well-known cousin of the smooth-coated Vizsla, developed in Hungary in the 1930s as a hunting dog that could work in both water and heavy cover in cold conditions. The wire coat is a different visual register entirely from the smooth Vizsla: a dense, broken, bristly outer coat over a thick undercoat, with a distinctive beard on the chin and brow furnishings. In colour, the Wirehaired Vizsla is the same warm golden-rust as the smooth, but the coat texture creates a completely different visual read: grainier, more textured, more substantial. On a cold Montana river at the golden hour, this Wirehaired Vizsla is chest-deep in the water in a retrieve posture, the wire coat plastered flat from the water, the beard visible as a distinct triangular shape below the chin. Save this before it disappears. #WirehairedVizsla #AdventureDog #MontanaRiver #HungarianBreed #WireCoat #WaterDog #DogPhotography",https://www.pinterest.com/wildbuild/,2026-08-27,"#WirehairedVizsla, #AdventureDog, #MontanaRiver, #HungarianBreed, #WireCoat, #WaterDog, #DogPhotography"
Corten Steel Pivot Door Cabin Entrance | Metal Art Architecture Threshold 2026,https://drive.google.com/uc?export=download&id=1t0MIqbvyfZAwfNUP0LMNt4EP_aOTah3x,Future Living & Off-Grid Tech,,"Save this for your architectural entrance and metal art design board. The pivot door is the most structurally honest door type in architecture: it declares its weight, its scale, and its mass without apology. When fabricated from a single plate of 8mm Corten steel, the door becomes a functional object and a weathering installation simultaneously. This off-grid cabin in the North Cascades uses a 3-meter-tall, 1.2-meter-wide Corten steel pivot door as the primary entrance element. The door's patina is at the mid-stage: bright orange at the leading edge, where it receives the most rain, fading to a deeper brown at the protected hinge area. The threshold is a single slab of local basalt. The cabin wall behind is board-formed concrete. EcoFlow powers the minimal interior. Save this before it disappears. #CortenSteel #MetalArt #PivotDoor #NorthCascades #OffGridCabin #ThresholdArchitecture #EcoFlow",https://www.pinterest.com/wildbuild/,2026-08-27,"#CortenSteel, #MetalArt, #PivotDoor, #NorthCascades, #OffGridCabin, #ThresholdArchitecture, #EcoFlow"
Siamese Cat Japanese Shoji Screen | Indoor Luxury Seal Point Classic 2026,https://drive.google.com/uc?export=download&id=1k4R24ksgWAyf70W1Uw2R2LOMHN0dHvZ3,Smart Pet Wellness,,"Save this for your rare breed and indoor luxury cat photography board. The Siamese is the original pointed cat, the breed that defines every pointed pattern in domestic cats today. The colourpoint gene is temperature-sensitive: it activates only in the cooler peripheral areas of the body where circulation is reduced, the face, ears, paws, and tail, producing the dark seal-brown extremities on a pale cream body. It is colour-coding by body temperature, a trait unique in the mammal world. The voice of the Siamese is equally distinctive, a loud, raspy, persistent yowl called a meezer that is unlike any other domestic cat vocalization. This seal-point Siamese is sitting in perfect photogenic profile against a backlit Japanese shoji screen in a Kyoto ryokan room. The dark seal mask on the pale face is the composition. Save this before it disappears. #SiameseCat #IndoorLuxury #ClassicSiamese #SealPoint #CatPortrait #KyotoRyokan #ShojiScreen",https://www.pinterest.com/wildbuild/,2026-08-27,"#SiameseCat, #IndoorLuxury, #ClassicSiamese, #SealPoint, #CatPortrait, #KyotoRyokan, #ShojiScreen"
