"Post #","Board","Title","Description","Alt Text","AI Prompt","In-App Text Hook","Status","Posting Day","Slot","SL Post Time"
"1","Future Living & Off-Grid Tech","Glass Boathouse Mirror Lake Tahoe Symmetry | Watercraft Architecture 2026","Save this for your off-grid waterfront and float plane architecture board. There is a specific formula for architectural perfection on the water, and it is absolute transparency meeting absolute stillness. This glass boathouse sits on a pontoon base in a sheltered Lake Tahoe cove at dawn. The structure is fully glazed, floor to ceiling, revealing the warm amber interior and the EcoFlow Delta Pro power system on the cedar floor. The lake surface is mirror-perfect — reflecting the boathouse, the dark pine shoreline, and the pale blue pre-dawn sky with flawless symmetry. The line between the physical structure and its reflection is almost impossible to locate. No road. No bridge. No person. Save this before it disappears from your feed. #GlassBoathouse #WatercraftArchitecture #OffGridLiving #FutureLiving #LakeTahoe #EcoFlow #MirrorSymmetry","A fully glazed glass boathouse sits on pontoons in a sheltered Lake Tahoe cove at dawn. The lake is perfectly still, creating a mirror reflection of the boathouse, the dark pine shoreline, and the pale blue sky. The warm amber interior of the boathouse is visible through the glass, showing an EcoFlow Delta Pro on the floor. No people visible.","Hyper-realistic 9:16 vertical photo, Style A Quiet Luxury. Fully glazed glass boathouse on pontoons in a sheltered Lake Tahoe cove at dawn. Floor-to-ceiling tempered glass walls. Warm amber interior visible through glass. EcoFlow Delta Pro on interior cedar floor, green LED. Perfectly still, mirror-like lake surface reflecting the entire structure, the surrounding dark pine forest shoreline, and the pale blue pre-dawn sky with perfect absolute symmetry. No road, no people visible. 8k, cinematic architectural photography, mirror water.","Glass. Water. Perfect symmetry.","Ready","Day 1 — Wed July 9","Slot-1","7:30am"
"2","Smart Pet Wellness","Pallas's Cat Mongolian Steppe Frost | Wilderkind Alpine Predator 2026","Save this for your Wilderkind and rare wild cat photography board. The Pallas's cat — manul — has the densest and longest fur of any cat species on earth, an evolutionary requirement for surviving the brutal winters of the Central Asian steppes. With its flat face, low-set ears, and heavy frosted coat, it looks less like a feline and more like an ancient mountain spirit. This Pallas's cat is sitting on a frost-covered rock on the Mongolian steppe at twilight, the pale grey-blue light catching the silver tips of its coat. Its round, pale yellow pupils — unusual for small cats which usually have slit pupils — are fixed on the horizon. The landscape behind is barren, freezing, and vast. The cat is perfectly comfortable. Save this before it disappears from your feed. #Wilderkind #PallassCat #Manul #WildlifePhotography #PredatorPortrait #MongolianSteppe #AnimalPhotography","A Pallas's cat with extremely dense frosted fur sits on a frost-covered rock on the Mongolian steppe at twilight. The pale grey-blue light catches the silver tips of its coat. Its round pale yellow eyes look out over the barren landscape. The cat has a flat face and low-set ears. No people visible.","Hyper-realistic 9:16 vertical photo, Style A Quiet Luxury. Wilderkind aesthetic. Pallas's cat (manul) sitting on a frost-covered granite rock on the Mongolian steppe at twilight. Extremely dense, long, frosted grey-ochre fur — coat detail rendered with high precision showing silver tipping. Flat face, low-set ears, stout build. Round pale yellow eyes fixed directly ahead, not at camera. Pale grey-blue twilight lighting. Barren, freezing, vast steppe landscape stretching into the background. Shot from slightly below eye level. No people. 8k, wildlife documentary photography, alpine winter atmosphere.","The cat built for the ice.","Ready","Day 1 — Wed July 9","Slot-2","9:30am"
"3","Future Living & Off-Grid Tech","Parametric Timber Shell Educational Pavilion | Structural Architecture 2026","Save this for your parametric design and educational architecture board. Educational Architecture makes the invisible forces of gravity and load entirely visible to the observer. This parametric timber shell pavilion on a British Columbia coastal bluff is a masterclass in structural honesty. The form is a continuous double-curved shell made of interlocking CNC-milled structural plywood cassettes, assembled without metal fasteners. The honeycomb mesh allows the overcast coastal light to filter through, casting geometric shadows on the polished concrete floor. The EcoFlow system powers the integrated environmental sensors. No person visible. Just the pure mathematical logic of the form expressed in wood, sitting above the Pacific. Save this before it disappears from your feed. #ParametricDesign #EducationalArchitecture #TimberArchitecture #FutureLiving #Woodworking #StructuralDesign #OffGridLiving","A parametric timber shell pavilion sits on a British Columbia coastal bluff. The double-curved shell is made of interlocking structural plywood cassettes with no metal fasteners. Overcast coastal light filters through the honeycomb mesh, casting geometric shadows on the concrete floor. An EcoFlow system is visible inside. The Pacific Ocean is in the background. No people visible.","Hyper-realistic 9:16 vertical photo, Style A Quiet Luxury. Parametric timber shell pavilion on a British Columbia coastal bluff. Continuous double-curved structural shell made of interlocking CNC-milled plywood cassettes in a honeycomb pattern — no metal fasteners visible, pure timber joinery. Overcast coastal light filtering through the mesh structure, casting sharp geometric shadows on the polished concrete floor. EcoFlow Delta Pro on interior floor, green LED. Grey-green Pacific Ocean visible in the background through the structure. No people visible. 8k, architectural photography, parametric engineering, woodworking mastery.","Math made visible in wood.","Ready","Day 1 — Wed July 9","Slot-3","11:00am"
"4","Smart Pet Wellness","Afghan Hound Death Valley Sand Dunes Dawn | Ancient Scent Hound 2026","Save this for your adventure dog and rare breed photography board. The Afghan Hound is an ancient sighthound built for blistering speed across the harsh deserts of the Middle East. Its long, fine, silky coat is not for show — it evolved to protect the dog from both the punishing sun and freezing desert nights. This Afghan Hound, cream and silver with a black mask, is standing at the crest of a massive sand dune in Death Valley at dawn. The first golden light is striking the peaks of the dunes, casting deep purple shadows in the troughs. The dog's long coat is lifting slightly in the morning thermal wind. Its almond-shaped dark eyes gaze across the vast dunescape with the aloof, aristocratic expression unique to the breed. Save this before it disappears from your feed. #AdventureDog #AfghanHound #DogPhotography #DeathValley #Sighthound #AnimalPhotography #DesertDog","A cream and silver Afghan Hound with a black mask stands at the crest of a Death Valley sand dune at dawn. The first golden light hits the dunes, leaving deep purple shadows. The dog's long silky coat lifts in the wind. Its dark almond-shaped eyes gaze across the landscape. No leash or person visible.","Hyper-realistic 9:16 vertical photo, Style A Quiet Luxury. Cream and silver Afghan Hound with a black mask standing alert at the crest of a massive sand dune, Death Valley, California, at dawn. Long, fine, silky coat lifting elegantly in a morning thermal wind. Proud, upright stance, aristocratic expression, dark almond-shaped eyes scanning the horizon. Golden hour light striking the dune peaks, deep purple shadows in the valleys. Pristine ripple textures in the sand. Low camera angle at the dog's chest level. No leash, no person visible. 8k, rare breed adventure dog photography, desert dawn.","Ancient speed in the dunes.","Ready","Day 1 — Wed July 9","Slot-4","12:30pm"
"5","Build. Scale. Ship. — Software Studio","Auto Repair Shops Losing Revenue to Paper Job Cards | Automotive Tech 2026","Save this for your automotive business and repair shop management board. If you run an auto repair shop and your technicians are still writing job notes on oil-stained paper cards, taking photos on their personal phones, and calling customers to approve a $300 brake pad replacement — you are losing money on every single vehicle lift. The friction in the approval process means vehicles sit on lifts waiting for a phone call, bottlenecking the entire shop. Custom auto repair management software changes the physics of the shop floor. The technician taps a tablet, records a video of the worn brake pad, the system instantly texts it to the customer with an approval button, and the job is green-lit in 4 minutes instead of 4 hours. Our studio builds these shop-floor ecosystems. The software pays for itself in lift-utilisation turnaround in the first 20 days. Save this before it disappears from your feed. #AutomotiveSoftware #AutoRepairBusiness #BuildScaleShip #SmallBusinessSoftware #TechConsulting #SaaSFounder #ShopManagement","A dark editorial infographic on a deep charcoal background with a bold white title about auto repair shops losing revenue to paper job cards. Amber subtitle, red problem bullet points about lift bottlenecks, teal solution block about digital approvals, and a green footer. Outfit typography on dark charcoal background.","Style B Dynamic Viral. Dark editorial infographic design. Deep charcoal background (#0d0d1a). Bold white title: 'Why Paper Job Cards Kill Auto Shop Revenue'. Amber (#f59e0b) subtitle: 'Automotive Repair Management — 2026'. Four red problem rows: 'Technician writes notes on paper', 'Service advisor plays phone tag for approvals', 'Vehicle sits idle on the lift for 3 hours', 'Next job is delayed, throughput drops 30%'. Teal solution block: 'Custom shop software — tablet diagnostics, video SMS approvals, instant job unblocking.' Green footer: 'Fix the bottleneck. Clear the lift. Double the throughput.' Outfit font, bold weight. 9:16 vertical, no photography.","Clear the lift. Double the revenue.","Ready","Day 1 — Wed July 9","Slot-5","1:00pm"
"6","Future Living & Off-Grid Tech","Welded Steel I-Beam Cantilever Cliff House | Industrial Brutalist Architecture 2026","Save this for your Corten steel and brutalist cliff architecture board. This is what happens when industrial engineering meets residential intent. This cantilevered structure in the Utah desert is built entirely around two massive unpainted steel I-beams that drive deep into the red sandstone cliff and extend 25 feet out over the canyon. The exterior is raw Corten steel panels, fully oxidised. The front elevation is seamless glass. The structure is entirely off-grid, running on a high-capacity EcoFlow system bolted to the steel interior decking. The rust of the steel perfectly matches the ochre of the desert rock. It looks less like a house and more like a monitoring station dropped onto the edge of the world. No person visible. Save this before it disappears from your feed. #CortenSteel #MetalArt #BrutalistArchitecture #FutureLiving #UtahDesert #CantileverArchitecture #OffGridLiving","A cantilevered structure extends 25 feet over a Utah desert canyon, built on two massive unpainted steel I-beams anchored in red sandstone. The exterior is oxidised Corten steel and the front is seamless glass. An EcoFlow system is visible on the interior steel deck. The rust of the steel matches the desert rock. No people visible.","Hyper-realistic 9:16 vertical photo, Style A Quiet Luxury. Cantilevered structure extending 25 feet over a red sandstone canyon in Utah. Supported by two massive, unpainted steel I-beams anchored into the cliff face. Exterior walls clad in fully oxidised Corten steel panels. Seamless full-height glass front elevation. Interior shows raw steel decking and an EcoFlow Delta Pro system, green LED. The rust colour of the Corten steel perfectly matches the ochre tones of the surrounding Navajo sandstone. Harsh midday desert light, sharp shadows. No people visible. 8k, dramatic industrial architectural photography, canyon depth.","Steel. Glass. 25 feet of nothing below.","Ready","Day 1 — Wed July 9","Slot-6","2:00pm"
"7","Smart Pet Wellness","Sphynx Cat Heated Marble Slab Glass Loft | Hairless Indoor Luxury 2026","Save this for your indoor luxury cat and architectural interior photography board. The Sphynx requires a different definition of comfort — without a coat, it constantly seeks ambient heat. This results in a cat that is highly sensitive to the thermal properties of architecture. This pale peach-toned Sphynx is draped luxuriously across a dark Nero Marquina marble slab in a Manhattan glass loft. The marble is radiant-heated from below, and the cat has flattened itself to maximize surface contact, its large bat-like ears alert, lemon-green eyes half-closed in absolute thermal satisfaction. The contrast between the soft, wrinkled, peach skin of the cat and the hard, dark, white-veined marble creates a striking textural image. The city skyline is visible out of focus through the glass behind. No person visible. Save this before it disappears from your feed. #SphynxCat #LuxuryCat #IndoorCat #CatPhotography #SmartPetWellness #HairlessCat #ArchitecturalInterior","A pale peach-toned Sphynx cat is draped across a dark Nero Marquina marble slab in a Manhattan glass loft. The cat is flattened to maximize contact with the heated stone. Its large ears are alert and lemon-green eyes are half-closed. The soft wrinkled skin contrasts with the hard white-veined marble. The city skyline is in bokeh behind. No people visible.","Hyper-realistic 9:16 vertical photo, Style A Quiet Luxury. Pale peach-toned Sphynx cat lying flat on a dark Nero Marquina marble slab in a Manhattan glass loft. Cat is maximizing surface contact with the heated stone. Striking textural contrast between the soft, wrinkled, hairless peach skin and the hard, dark, white-veined polished marble. Large bat-like ears, lemon-green eyes half-closed in comfort. Warm interior lighting. Manhattan skyline visible in soft bokeh through floor-to-ceiling glass in the background. No people visible. 8k, luxury pet lifestyle photography, architectural interior textures.","Heat seekers. Always finding the warm stone.","Ready","Day 1 — Wed July 9","Slot-7","3:30pm"
"8","Build. Scale. Ship. — Software Studio","Auto Repair Shop Diagnostic Dashboard Studio | Automotive Tech Build 2026","Save this for your software studio and automotive technology board. This is the build. A custom shop-floor and customer approval ecosystem for an independent auto repair centre with 8 bays. Left monitor: the service advisor dashboard — all 8 bays visualised with current vehicle status (In-bay green, Awaiting Approval amber, Parts delayed red), live technician timesheets, and a throughput metric showing 1.4 hours average approval turnaround. Right monitor: the customer mobile view — an SMS link opens a clean web-app showing a video of their worn suspension component, the exact quote for repair, and a green 'Approve Repair' button. The studio is a glass-and-brick converted warehouse in Detroit, the city lights coming on at dusk. No person visible. The system is live. Save this before it disappears from your feed. #AutomotiveSoftware #BuildScaleShip #SoftwareStudio #AutoRepairTech #TechConsulting #FreelanceDev #BuildInPublic","A premium software studio workspace with two monitors on a walnut desk in a Detroit brick warehouse. The left monitor shows an auto repair bay dashboard with status alerts and throughput metrics. The right monitor shows a customer web-app with a video diagnostic and an 'Approve Repair' button. The studio overlooks Detroit at dusk. No person visible.","Hyper-realistic 9:16 vertical photo, Style A Quiet Luxury. Premium software studio workspace, glass-and-brick converted warehouse loft in Detroit overlooking the city at dusk. Two wide monitors on a live-edge walnut desk. Left monitor: auto repair shop dashboard — 8 bay visual layout (Bay 1-3 green 'In Progress', Bay 4-5 amber 'Awaiting Approval', Bay 6 red 'Parts Hold'), live tech timesheets, approval turnaround metric at 1.4 hrs. Right monitor: customer mobile web-app view — video thumbnail of a car suspension, detailed repair quote, large green 'Approve Repair' button. EcoFlow unit on floor, green LED. Detroit city lights through glass. No person visible. 8k, premium tech lifestyle photography.","8 bays. Zero bottlenecks. One dashboard.","Ready","Day 1 — Wed July 9","Slot-8","6:30pm"
"9","Build. Scale. Ship. — Software Studio","The Real Cost of Phone Tag in Auto Repair | Automotive Business Fix 2026","Save this for your automotive business and repair shop growth board. The most expensive tool in an auto repair shop is a vehicle lift that has a car on it, but no technician working on it, because the service advisor is waiting for the customer to call back and approve a repair. If a shop has 4 lifts and each lift is bottlenecked by phone tag for just 45 minutes a day, the shop loses 15 hours of billable throughput a week. At a $120 hourly rate, that is $1,800 a week evaporating into thin air. Automated SMS diagnostic videos with one-tap digital approvals eliminate phone tag entirely. The customer sees the problem on their phone and clicks approve during their meeting. The technician keeps working. The lift stays profitable. Save this before it disappears from your feed. #AutoRepairBusiness #AutomotiveSoftware #BuildScaleShip #ShopManagement #SmallBusinessTech #TechConsulting #SaaSFounder","A dark editorial infographic on a charcoal background showing the real cost calculation of phone tag and lift bottlenecks in an auto repair shop. Bold white title, amber cost data, red lost revenue impact, teal digital approval solution, green footer. Outfit font on dark background.","Style B Dynamic Viral. Dark editorial infographic design. Deep charcoal background (#1a1a2e). Bold white title: 'The Real Cost of Phone Tag in Auto Repair'. Amber (#f59e0b) subtitle: 'Shop Floor Bottlenecks — 2026'. Data rows: amber — '4 lifts x 45 mins/day waiting for phone approvals = 15 hrs/week lost', red — 'At $120/hr, that is $1,800/week in lost throughput', red — '= $93,600 per year in evaporated revenue'. Teal solution: 'Digital Video SMS Approvals — customer taps approve, technician keeps working, lift stays profitable.' Green footer: 'Stop calling. Start texting. Keep the lifts moving.' Outfit font. 9:16 vertical, no photography.","$93k a year lost to phone tag.","Ready","Day 1 — Wed July 9","Slot-9","9:00pm"
"10","Future Living & Off-Grid Tech","Aviation Hangar Conversion Glass Home Sierra Nevada | Aircraft Architecture 2026","Save this for your aviation architecture and off-grid hangar home board. When you need a house and you also need a hangar for a Cessna 185, you don't build two structures. You build one machine for living. This hangar conversion in the high Sierra Nevada uses a commercial-grade bi-fold hangar door as the entire front elevation. When closed, it is an impenetrable steel wedge against the alpine winter. When open, it forms a massive canopy over the concrete apron, revealing a glass-walled interior where the living space and the aircraft share the same volume. The Cessna 185 Skywagon, polished aluminium with a red stripe, sits on the polished concrete inside. An EcoFlow Delta Pro bank powers the hangar door hydraulics. No road visible, just the grass airstrip extending into the pines. Save this before it disappears from your feed. #AviationArchitecture #HangarHome #Cessna185 #OffGridLiving #FutureLiving #EcoFlow #SierraNevada","An aviation hangar home in the Sierra Nevada features a massive open bi-fold hangar door acting as a canopy over a concrete apron. Inside the glass-walled living volume, a polished aluminium Cessna 185 with a red stripe shares the space with the home interior. An EcoFlow Delta Pro bank is visible. A grass airstrip extends into the pines. No people visible.","Hyper-realistic 9:16 vertical photo, Style A Quiet Luxury. Aviation hangar home in the high Sierra Nevada. Massive commercial-grade bi-fold hangar door fully open, acting as a canopy over the concrete apron. Interior is a shared volume of living space and aircraft storage with glass partition walls. A polished aluminium Cessna 185 Skywagon with a red stripe parked on the polished concrete floor inside. Warm amber interior lighting. EcoFlow Delta Pro bank visible near the door hydraulics, green LED. Grass airstrip extending outward into dense lodgepole pine forest. Clear crisp alpine morning light. No people visible. 8k, cinematic architectural and aviation photography.","The house is the hangar.","Ready","Day 2 — Thu July 10","Slot-1","7:30am"
"11","Smart Pet Wellness","Sand Cat Saharan Dunes Midnight Starfield | Wilderkind Desert Predator 2026","Save this for your Wilderkind and rare wild cat photography board. The sand cat is the only feline in the world perfectly adapted to true desert environments. It possesses thick fur on the soles of its feet to insulate against scorching sand, and ears set low and wide to track the subterranean movements of prey. This sand cat is hunting in the Saharan dunes at midnight. The sky is an absolute, light-pollution-free starfield. The cat is lit by a sharp, cool moonlight from the left, highlighting its pale sandy coat and the distinctive dark horizontal stripes on its forelegs. Its wide, pale green eyes are dilated in the darkness. It is a tiny, perfect machine operating in an environment that would kill almost anything else. Save this before it disappears from your feed. #Wilderkind #SandCat #WildlifePhotography #PredatorPortrait #SaharaDesert #AnimalPhotography #DesertCat","A sand cat hunts in the Saharan dunes at midnight under a brilliant starfield. Sharp cool moonlight from the left highlights its pale sandy coat and dark foreleg stripes. Its wide pale green eyes are dilated. The cat's low, wide-set ears are prominent. No people visible.","Hyper-realistic 9:16 vertical photo, Style A Quiet Luxury. Wilderkind aesthetic. Sand cat standing on Saharan sand dunes at midnight. Pale sandy coat with dark horizontal stripes on forelegs. Distinctive low, wide-set ears and broad head. Lit by sharp, cool moonlight from the left, casting a long shadow on the dune. Wide pale green eyes, fully dilated pupils, alert expression. Infinite, brilliant starfield sky with no light pollution in the background. Pristine sand ripples in the foreground. Shot from ground level. No people. 8k, nocturnal wildlife photography, desert astrophotography.","The only true desert cat.","Ready","Day 2 — Thu July 10","Slot-2","9:30am"
"12","Future Living & Off-Grid Tech","Mirror Glass Cube Forest Floor Olympic Peninsula | Absolute Symmetry Architecture 2026","Save this for your mirror architecture and off-grid structural design board. If you want to build in an old-growth forest without disrupting the visual continuity of the woods, you build a mirror. This perfect cube sits on the sword fern floor of the Olympic Peninsula rainforest. The exterior is one-way architectural mirror glass. It does not reflect water — it reflects the dense, green, moss-draped Douglas firs around it, effectively cloaking the structure. Through a slightly open corner pivot door, the warm amber cedar interior is visible, proving it is a building and not a mirage. An EcoFlow system sits on the floor inside. The visual trick is so absolute that birds have to be warned away by UV-coatings on the glass. Save this before it disappears from your feed. #MirrorArchitecture #EducationalArchitecture #GlassCabin #FutureLiving #OlympicPeninsula #StructuralDesign #OffGridLiving","A perfect mirror glass cube sits on the sword fern floor of the Olympic Peninsula rainforest. The one-way architectural mirror glass reflects the dense green moss-draped Douglas firs perfectly, camouflaging the structure. A corner pivot door is slightly open, revealing a warm amber cedar interior and an EcoFlow system. No people visible.","Hyper-realistic 9:16 vertical photo, Style A Quiet Luxury. Perfect cube structure on the sword fern forest floor in the Olympic Peninsula rainforest. Exterior clad entirely in one-way architectural mirror glass, perfectly reflecting the surrounding dense, moss-draped old-growth Douglas firs — creating an optical illusion of invisibility. A corner glass pivot door is open 20 degrees, revealing a warm amber cedar-lined interior, breaking the illusion. EcoFlow Delta Pro on interior floor, green LED. Diffused green canopy light. No people visible. 8k, architectural photography, mirror camouflage, forest setting.","A mirror in the woods.","Ready","Day 2 — Thu July 10","Slot-3","11:00am"
"13","Smart Pet Wellness","Tibetan Mastiff Himalayan Snowstorm Blue Light | Giant Mountain Dog 2026","Save this for your adventure dog and giant breed photography board. The Tibetan Mastiff is not a pet; it is an ancient livestock guardian bred to protect flocks from wolves and leopards in the Himalayas. It is a dog of immense scale, bone, and coat. This black-and-tan Tibetan Mastiff is standing on a rocky outcrop during a heavy Himalayan snowstorm at dusk. The blue hour light renders the blowing snow as streaks of cold white. The dog's massive, lion-like mane is dusted with snow, but the dog is entirely unbothered by the temperature. Its deep-set dark eyes stare into the storm with total absolute confidence. This is a dog that considers the blizzard to be its natural element. No leash. No person. Save this before it disappears from your feed. #AdventureDog #TibetanMastiff #DogPhotography #Himalayas #GiantBreed #AnimalPhotography #MountainDog","A massive black-and-tan Tibetan Mastiff stands on a rocky outcrop during a Himalayan snowstorm at dusk. The blue hour light highlights the blowing snow. The dog's lion-like mane is dusted with snow. Its deep-set dark eyes stare confidently into the storm. No leash or person visible.","Hyper-realistic 9:16 vertical photo, Style A Quiet Luxury. Massive black-and-tan Tibetan Mastiff standing on a rocky outcrop in a heavy Himalayan snowstorm at dusk. Immense scale, heavy bone, huge lion-like mane of fur around the neck and shoulders. Snow accumulating on the dark coat. Cold blue-hour lighting rendering the falling snow as streaks against the dark background. Deep-set dark eyes looking calmly and confidently into the blizzard. Rugged alpine rock beneath paws. Low camera angle emphasizing size. No leash, no person visible. 8k, giant breed adventure dog photography, intense winter storm.","The storm does not bother the guardian.","Ready","Day 2 — Thu July 10","Slot-4","12:30pm"
"14","Build. Scale. Ship. — Software Studio","Property Managers Drowning in WhatsApp Messages | Real Estate Tech 2026","Save this for your real estate business and property management board. A property manager handling 50 units receives an average of 140 messages a week. A leaky tap here, a lost key there, a noise complaint, a rent extension request. When those messages live in WhatsApp, text messages, and emails, they are unsearchable, unassignable, and frequently forgotten until the tenant gets angry. This is how property managers burn out. Custom property management software consolidates all tenant communication into a single ticketing system linked directly to the property, the tenant record, and the maintenance contractor. A tenant logs an issue in the app, the manager taps 'Assign to Plumber', and the system tracks it to completion. Our studio builds this exact system for boutique property portfolios. Save this before it disappears from your feed. #PropertyManagement #RealEstateSoftware #BuildScaleShip #PropTech #TechConsulting #SmallBusinessSoftware #SaaSFounder","A dark editorial infographic on a deep charcoal background about property managers drowning in fragmented tenant communication. Amber subtitle, red problem points about WhatsApp chaos, teal solution block about centralized ticketing, and a green footer. Outfit font on dark background.","Style B Dynamic Viral. Dark editorial infographic design. Deep charcoal background (#0d0d1a). Bold white title: 'Why WhatsApp is Breaking Your Property Management'. Amber (#f59e0b) subtitle: 'Real Estate Operations — 2026'. Three red problem rows: '140 fragmented messages a week across 3 apps', 'Maintenance requests get lost in chat history', 'No tracking of contractor response times'. Teal solution block: 'Custom PropTech system — unified tenant app, centralized ticketing, automated contractor dispatch, full audit trail.' Green footer: 'Stop searching chats. Start managing properties.' Outfit font. 9:16 vertical, no photography.","Stop searching chats. Start managing properties.","Ready","Day 2 — Thu July 10","Slot-5","1:00pm"
"15","Future Living & Off-Grid Tech","Corten Steel Pivot Window Mechanism Detail | Industrial Metal Art 2026","Save this for your Corten steel and architectural detail board. True industrial architecture does not hide its moving parts; it celebrates the mechanics of how a building opens and closes. This macro detail shows the bespoke hinge mechanism of a massive Corten steel pivot window in a high-desert off-grid home. The pivot point is a heavy machined steel cylinder, unpainted and greased, bolted to the raw concrete frame. The window frame itself is 2-inch tubular Corten, oxidised to a rich, textured rust-orange. The low-iron glass is perfectly flush. Through the glass, the distant scrub of the New Mexico desert is visible. The weight and precision of the engineering are palpable. Save this before it disappears from your feed. #CortenSteel #MetalArt #ArchitecturalDetail #PivotWindow #FutureLiving #IndustrialDesign #OffGridLiving","A macro detail of a heavy machined steel pivot hinge mechanism on a massive Corten steel window. The greased steel cylinder is bolted to a raw concrete frame. The 2-inch tubular Corten window frame is oxidised to a textured rust-orange. Low-iron glass is flush with the frame. New Mexico desert scrub is visible through the glass. No people visible.","Hyper-realistic 9:16 vertical photo, Style A Quiet Luxury. Macro architectural detail of a heavy bespoke pivot hinge mechanism on a Corten steel window. Unpainted, greased machined steel pivot cylinder bolted to a raw board-formed concrete frame. Window frame is thick tubular Corten steel, fully oxidised to a rich rust-orange patina with rough texture. Flush low-iron glass. Sharp focus on the steel mechanics. Distant New Mexico desert scrub visible out of focus through the glass. High-desert afternoon sunlight emphasizing the metal textures. No people visible. 8k, architectural detail photography, industrial engineering.","The mechanics of heavy steel.","Ready","Day 2 — Thu July 10","Slot-6","2:00pm"
"16","Smart Pet Wellness","Devon Rex Cat Fluted Glass Screen Studio | Alien Indoor Luxury Cat 2026","Save this for your indoor luxury cat and architectural interior photography board. The Devon Rex looks like it belongs in a mid-century science fiction film. With its huge, low-set ears, enormous eyes, and short curly coat that feels like crushed velvet, it is the alien of the cat world. This Devon Rex, slate grey in colour, is sitting on a raw timber bench behind a fluted architectural glass screen in a London design studio. The fluted glass distorts the daylight behind the cat into vertical bands of soft white and grey. The cat's massive pale yellow eyes are staring through a gap in the screen. The curly texture of its coat is highly visible in the soft, diffused light. A creature of absolute specific design in a room of the same. Save this before it disappears from your feed. #DevonRex #LuxuryCat #IndoorCat #CatPhotography #SmartPetWellness #CurlyCat #ArchitecturalInterior","A slate grey Devon Rex cat sits on a raw timber bench behind a fluted architectural glass screen in a London design studio. The fluted glass distorts daylight into vertical bands. The cat's huge low-set ears, massive pale yellow eyes, and short curly velvet-like coat are prominent. The cat stares through a gap in the screen. No people visible.","Hyper-realistic 9:16 vertical photo, Style A Quiet Luxury. Slate grey Devon Rex cat sitting on a raw timber bench. Architectural fluted (ribbed) glass screen behind the cat, distorting the bright daylight into soft vertical bands of white and grey. Cat's distinctive alien-like features: huge low-set ears, wide face, massive pale yellow eyes staring intently. Short, wavy, crushed-velvet coat texture clearly visible. Diffused, soft interior studio lighting. Minimalist London design studio context. No people visible. 8k, luxury pet lifestyle photography, architectural glass background.","Alien cat. Perfect design.","Ready","Day 2 — Thu July 10","Slot-7","3:30pm"
"17","Build. Scale. Ship. — Software Studio","Property Management Ticketing Dashboard Studio | Real Estate Build 2026","Save this for your software studio and real estate technology board. This is the build — a custom property management and maintenance ticketing dashboard for a portfolio of 120 residential units. Left monitor: the unified ticketing inbox — incoming requests sorted by severity (Red for active leaks, Amber for appliance failure, Green for general), a map view showing contractor locations, and an SLA timer counting down on urgent requests. Right monitor: the tenant mobile app view — the ticket creation screen where a tenant uploads a photo of a broken fixture, selects times they are home, and receives an automated confirmation. The studio is a bright, white-walled loft in Chicago, the L-train tracks visible through the window. No person visible. The system brings order to chaos. Save this before it disappears from your feed. #PropTech #BuildScaleShip #SoftwareStudio #RealEstateTech #TechConsulting #FreelanceDev #BuildInPublic","A premium software studio with two monitors on a white oak desk in a Chicago loft. The left monitor shows a property management ticketing dashboard with severity-coded maintenance requests and a contractor map. The right monitor shows a tenant mobile app for submitting photo-based maintenance tickets. The L-train tracks are visible through the window. No person visible.","Hyper-realistic 9:16 vertical photo, Style A Quiet Luxury. Premium software studio workspace, bright white-walled loft in Chicago. Two wide monitors on a white oak desk. Left monitor: property management ticketing dashboard — inbox sorted by severity (Red: Water Leak, Amber: AC Failure, Green: Cosmetic), map view with GPS pins for 3 active contractors, SLA countdown timers on urgent tickets. Right monitor: tenant mobile app — ticket creation UI showing an uploaded photo of a broken fixture, time-slot selection for contractor visit, automated confirmation banner. EcoFlow unit on floor, green LED. Chicago L-train tracks visible through the window. No person visible. 8k, premium tech lifestyle photography.","120 units. Zero lost messages.","Ready","Day 2 — Thu July 10","Slot-8","6:30pm"
"18","Build. Scale. Ship. — Software Studio","Stop Paying Subscriptions for Software That Does Not Fit | SME Tech 2026","Save this for your business growth and software strategy board. Subscription SaaS tools are incredible — until you are paying for five of them to do the job of one, and hiring an admin assistant just to copy data between them. The 'SaaS sprawl' is real. A growing business will adopt a CRM, a booking tool, an invoicing platform, and an inventory tracker. Soon, the monthly subscription cost hits $800, the systems don't talk to each other perfectly, and data falls through the cracks. At this inflection point, a custom-built web application ceases to be an expensive luxury and becomes a cost-saving operational requirement. One system, one database, zero copy-pasting, no per-user license fees. Our studio audits SME software stacks and builds the unified platform that replaces the sprawl. Save this before it disappears from your feed. #CustomSoftware #BuildScaleShip #SmallBusinessTech #DigitalTransformation #TechConsulting #SaaSFounder #SaaS","A dark editorial infographic on a charcoal background detailing the hidden cost of SaaS sprawl for growing businesses. Bold white title, amber subscription cost breakdown, red data friction points, teal custom platform solution, green footer. Outfit font on dark background.","Style B Dynamic Viral. Dark editorial infographic design. Deep charcoal background (#1a1a2e). Bold white title: 'The Hidden Cost of SaaS Sprawl'. Amber (#f59e0b) subtitle: 'When Subscriptions Become The Problem — 2026'. Three-part breakdown: red — '5 isolated tools = $800/month + endless data transfer', red — 'Zapier integrations break, data is siloed, per-user fees scale up', teal — 'Custom Web App = One database, zero per-user fees, exact workflow fit.' Green footer: 'Stop renting 5 tools. Own the 1 platform your business needs.' Outfit font. 9:16 vertical, no photography.","Stop renting 5 tools. Build 1.","Ready","Day 2 — Thu July 10","Slot-9","9:00pm"
"19","Future Living & Off-Grid Tech","Airstream Glass Extension Redwoods | Camper Architecture Integration 2026","Save this for your luxury camper and off-grid architecture board. An Airstream is a beautiful piece of mobile aluminium architecture, but it is small. When an Airstream becomes a permanent dwelling, it needs to expand without losing its identity. This project in the California Redwoods integrates a vintage polished aluminium Airstream directly into a newly constructed glass and timber architectural pavilion. The side of the Airstream has been cut away to open seamlessly into the glass living space. The polished aluminium reflects the massive redwood trunks. The interior of the glass pavilion matches the warm walnut of the Airstream interior. An EcoFlow Delta Pro bank powers the entire hybrid structure. The line between vehicle and building is erased. Save this before it disappears from your feed. #CampersAndRV #Airstream #GlassArchitecture #FutureLiving #OffGridLiving #Redwoods #EcoFlow","A vintage polished aluminium Airstream is permanently integrated into a new glass and timber pavilion in the California Redwoods. The side of the Airstream is open seamlessly to the glass living space. The polished aluminium reflects massive redwood trunks. The warm walnut interior of the Airstream matches the pavilion. An EcoFlow Delta Pro bank is visible. No people visible.","Hyper-realistic 9:16 vertical photo, Style A Quiet Luxury. Vintage polished aluminium Airstream travel trailer permanently integrated into a modern glass and timber architectural pavilion, California Redwood forest. The side of the Airstream is opened and seamlessly connected to the glass living volume. Polished aluminium skin reflecting the massive, ancient redwood trunks. Warm walnut interior continuous from the Airstream into the pavilion. EcoFlow Delta Pro bank on the pavilion floor, green LED. Filtered sunlight through the high redwood canopy. No road, no people visible. 8k, architectural and RV integration photography.","Vehicle meets architecture. Flawlessly.","Ready","Day 3 — Fri July 11","Slot-1","7:30am"
"20","Smart Pet Wellness","Geoffroy's Cat Pampas Grassland Golden Hour | Wilderkind Spotted Hunter 2026","Save this for your Wilderkind and rare wild cat photography board. Geoffroy's cat is a small, fierce predator of the South American pampas and scrublands, roughly the size of a domestic cat but packed with absolute wild intensity. Its coat is heavily spotted with small, black spots, and it is a known climber and swimmer. This Geoffroy's cat is perched on a weathered fence post in the Argentine Pampas at golden hour, the sea of tall dry grass stretching out behind it. The warm, low-angle sun illuminates its spotted golden-brown coat and white facial markings. Its intense, rounded amber eyes are locked on movement in the grass below. The wind is ruffling its fur. A miniature apex predator in a sea of grass. Save this before it disappears from your feed. #Wilderkind #GeoffroysCat #WildlifePhotography #PredatorPortrait #Pampas #AnimalPhotography #SpottedCat","A Geoffroy's cat perches on a weathered fence post in the Argentine Pampas at golden hour. The warm low-angle sun illuminates its spotted golden-brown coat and white facial markings. A sea of tall dry grass stretches behind it. The cat's intense amber eyes are locked on the grass below. The wind ruffles its fur. No people visible.","Hyper-realistic 9:16 vertical photo, Style A Quiet Luxury. Wilderkind aesthetic. Geoffroy's cat perched alertly on a weathered wooden fence post in the Argentine Pampas at golden hour. Small, heavily black-spotted golden-brown coat, distinctive white facial markings around the eyes and mouth. Intense, rounded amber eyes focused downward on the grass. Warm, low-angle golden hour sunlight from the left, highlighting the coat texture. Vast sea of tall, dry pampas grass blowing in the wind in the background. Shot from slightly below eye level. No people. 8k, wildlife photography, grassland golden hour.","Small cat. Absolute wildness.","Ready","Day 3 — Fri July 11","Slot-2","9:30am"
"21","Future Living & Off-Grid Tech","Structural Timber Frame Joints Macro | Educational Woodworking Architecture 2026","Save this for your woodworking and educational architecture board. The beauty of traditional heavy timber framing lies in the joinery — the way massive pieces of wood are locked together using only geometry and friction, with zero metal hardware. This macro shot focuses on a complex three-way mortise and tenon joint with hardwood pegs in a Douglas fir frame pavilion in Oregon. The timber is left raw and unsealed, showing the tight grain and the precise, razor-sharp cuts of the joiner's chisel. Educational architecture demands that the structure explains itself; here, you can see exactly how the load is transferred through the pegs and the shoulder of the joint. The amber tones of the fresh wood glow in the natural light. Save this before it disappears from your feed. #Woodworking #TimberArchitecture #EducationalArchitecture #Joinery #FutureLiving #TimberFrame #ArchitecturalDetail","A macro shot of a complex three-way mortise and tenon joint with hardwood pegs in a raw Douglas fir timber frame in Oregon. The precise chisel cuts and tight grain of the unsealed wood are highly visible. The joint demonstrates structural load transfer without metal hardware. The amber wood glows in natural light. No people visible.","Hyper-realistic 9:16 vertical photo, Style A Quiet Luxury. Macro architectural photography of a complex three-way mortise and tenon joint in a heavy timber frame pavilion, Oregon. Raw, unsealed Douglas fir timber. Deep, precise chisel cuts, tight wood grain, driven hardwood pegs locking the joint together. Zero metal hardware visible. Educational architecture: the structural load path and mechanical lock of the joinery is clearly legible. Warm amber tones of fresh timber illuminated by soft, natural, diffused daylight. Extreme sharpness on the wood texture and joint seams. No people visible. 8k, woodworking mastery, structural detail.","Geometry and friction. No metal.","Ready","Day 3 — Fri July 11","Slot-3","11:00am"
"22","Smart Pet Wellness","Saluki Arabian Desert Sandstorm Wind | Ancient Sighthound 2026","Save this for your adventure dog and rare breed photography board. The Saluki is the royal dog of Egypt and one of the oldest known breeds, bred to hunt gazelle across the blazing sands of the Middle East. It is a creature of absolute elegance and devastating speed. This Saluki, a pale cream hound with long, feathered ears and tail, is standing in the Arabian desert as the wind kicks up the edge of a sandstorm. The dog's feathered ears and tail are blowing wildly in the wind, but its stance is completely solid and unbothered. Its dark, far-seeing eyes are squinted slightly against the grit, looking into the distance. It is a dog that belongs to the wind and the sand. No leash. No person. Save this before it disappears from your feed. #AdventureDog #Saluki #DogPhotography #ArabianDesert #Sighthound #AnimalPhotography #DesertDog","A pale cream Saluki with long feathered ears and tail stands in the Arabian desert during the edge of a sandstorm. The wind blows the dog's feathering wildly, but its stance is solid. Its dark, far-seeing eyes squint slightly against the blowing sand. The desert landscape is hazy with kicked-up dust. No leash or person visible.","Hyper-realistic 9:16 vertical photo, Style A Quiet Luxury. Pale cream Saluki hound standing solid in the Arabian desert as a strong wind kicks up sand. Long, silky feathered hair on the ears and tail blowing wildly horizontally in the wind. Sleek, aerodynamic, deep-chested body structure. Dark, far-seeing sighthound eyes squinting slightly against the blowing grit. Warm, hazy, dust-filled desert lighting. Rolling dunes fading into the sandstorm haze in the background. Low camera angle emphasizing the dog's elegant legs. No leash, no person visible. 8k, rare breed adventure dog photography, desert storm atmosphere.","Born for the wind and sand.","Ready","Day 3 — Fri July 11","Slot-4","12:30pm"
"23","Build. Scale. Ship. — Software Studio","Gym Owners Losing Trainers to Clunky Scheduling Apps | Fitness Tech 2026","Save this for your gym business and fitness studio management board. Gym owners focus entirely on the member experience, but the trainer experience is what actually runs the floor. If your personal trainers have to use a clunky, slow, web-only portal to check their schedule, log their hours, or see client notes, they will resent the system. And trainers who resent the system find workarounds, miss sessions, and eventually leave for studios with better operations. A custom fitness management system treats the trainer as a first-class user: a dedicated mobile app view for trainers to see their daily roster, instantly message clients, log session completion in two taps, and track their commission. When the staff software is frictionless, staff retention goes up. Our studio builds dual-sided fitness platforms that work for members AND trainers. Save this before it disappears from your feed. #GymManagement #FitnessTech #BuildScaleShip #SmallBusinessSoftware #TechConsulting #SaaSFounder #StaffRetention","A dark editorial infographic on a charcoal background explaining why gym owners lose trainers due to clunky scheduling software. Bold white title, amber trainer friction points, red retention cost, teal dual-sided app solution, green footer. Outfit font on dark background.","Style B Dynamic Viral. Dark editorial infographic design. Deep charcoal background (#0d0d1a). Bold white title: 'Why Clunky Software Costs You Good Trainers'. Amber (#f59e0b) subtitle: 'Fitness Studio Operations — 2026'. Three red problem rows: 'Trainers can't easily check schedules on mobile', 'Logging session notes takes 10 minutes instead of 2', 'Commission tracking is opaque and manual'. Teal solution block: 'Custom Trainer App — instant daily roster, 2-tap session logging, live commission dashboard, client chat.' Green footer: 'Frictionless software is a staff retention tool.' Outfit font. 9:16 vertical, no photography.","Frictionless software keeps good staff.","Ready","Day 3 — Fri July 11","Slot-5","1:00pm"
"24","Future Living & Off-Grid Tech","Float Plane Dock Glass Cabin British Columbia Coast | Aviation Waterfront 2026","Save this for your float plane and off-grid waterfront architecture board. The British Columbia coastline is a labyrinth of inlets accessible only by water or air. This glass cabin sits on a rocky point in one of those inlets, designed specifically for arrival by float plane. The heavy timber dock extends into the deep, dark water. A pristine white de Havilland Beaver with blue trim is tied up, its radial engine ticking as it cools. The cabin is elevated on steel pilings, fully glazed on the water-facing side, glowing with warm amber interior light against the moody, overcast coastal sky. An EcoFlow Delta Pro system sits on the deck, providing off-grid power. The ultimate expression of remote access luxury. Save this before it disappears from your feed. #FloatPlane #WatercraftArchitecture #GlassCabin #OffGridLiving #FutureLiving #EcoFlow #BritishColumbia","A glass cabin elevated on steel pilings sits on a rocky point in a British Columbia coastal inlet. A heavy timber dock extends into the dark water, where a white and blue de Havilland Beaver float plane is tied up. The cabin's fully glazed front glows with warm amber light against an overcast sky. An EcoFlow Delta Pro is on the deck. No people visible.","Hyper-realistic 9:16 vertical photo, Style A Quiet Luxury. Glass cabin on steel pilings on a rocky point, remote British Columbia coastal inlet. Heavy raw timber dock extending into deep, dark green water. A pristine white de Havilland Beaver DHC-2 floatplane with blue trim tied at the dock. Fully glazed water-facing elevation of the cabin, warm amber interior glow. EcoFlow Delta Pro on the exterior cedar deck, green LED. Moody, overcast Pacific Northwest coastal sky, dark pine forest on surrounding hills. No road, no people visible. 8k, cinematic architectural and aviation photography.","Only accessible by air and water.","Ready","Day 3 — Fri July 11","Slot-6","2:00pm"
"25","Smart Pet Wellness","Abyssinian Cat Polished Concrete Floor Minimalist Loft | Copper Indoor Luxury 2026","Save this for your indoor luxury cat and architectural interior photography board. The Abyssinian is a cat in constant motion, sleek, muscular, and intensely curious. Its ticked coat resembles a wild cougar, glowing with warm copper and ruddy tones. This Abyssinian is captured mid-stride across a vast expanse of polished concrete floor in a minimalist Tokyo loft. The space is completely stripped back — white walls, concrete floor, floor-to-ceiling glass throwing a trapezoid of harsh afternoon sunlight across the ground. The cat is walking through the light beam, its copper coat igniting in the sun, casting a sharp, elongated shadow on the concrete. The contrast between the hyper-alert, fiery animal and the stark, cold architecture is absolute. Save this before it disappears from your feed. #AbyssinianCat #LuxuryCat #IndoorCat #CatPhotography #SmartPetWellness #MinimalistInterior #TokyoLoft","An Abyssinian cat walks mid-stride across a polished concrete floor in a minimalist Tokyo loft. A trapezoid of harsh afternoon sunlight from floor-to-ceiling glass illuminates the cat, igniting its warm copper ticked coat. A sharp elongated shadow falls on the concrete. The stark white walls and concrete contrast with the fiery cat. No people visible.","Hyper-realistic 9:16 vertical photo, Style A Quiet Luxury. Ruddy Abyssinian cat captured mid-stride across a vast polished concrete floor, minimalist Tokyo loft interior. Ticked copper and ruddy coat glowing intensely as the cat walks through a sharp trapezoid beam of bright afternoon sunlight from a floor-to-ceiling window. Sleek, muscular, athletic build. Sharp, elongated shadow cast on the concrete. Stark, cold architectural setting: plain white walls, smooth grey concrete, minimal distraction. No people visible. 8k, luxury pet lifestyle photography, harsh architectural light.","Copper fire on cold concrete.","Ready","Day 3 — Fri July 11","Slot-7","3:30pm"
"26","Build. Scale. Ship. — Software Studio","Fitness Trainer App and Admin Dashboard Studio | Gym Software Build 2026","Save this for your software studio and fitness technology board. This is the build — a dual-sided gym management platform focusing on the trainer experience. Left monitor: the gym admin overview — showing global class utilization, payroll estimates based on logged sessions, and member churn risk alerts. Right monitor: the trainer-facing mobile application in an emulator — a dark-mode UI showing the trainer's daily schedule (5 sessions booked, 1 open slot), a client profile with historical injury notes, and a one-tap 'Session Complete' logging button. The studio is a bright, plant-filled loft in Austin, Texas, with afternoon sun streaming across the white oak desk. No person visible. The software that runs the floor. Save this before it disappears from your feed. #GymSoftware #BuildScaleShip #SoftwareStudio #FitnessTech #TechConsulting #FreelanceDev #BuildInPublic","A premium software studio workspace with two monitors on a white oak desk in a bright, plant-filled Austin loft. The left monitor shows a gym admin dashboard with global utilization and payroll. The right monitor shows a dark-mode trainer mobile app with a daily schedule, client notes, and session logging. Afternoon sun streams across the desk. No person visible.","Hyper-realistic 9:16 vertical photo, Style A Quiet Luxury. Premium software studio workspace, bright, plant-filled loft in Austin, Texas. Two wide monitors on a white oak desk. Left monitor: gym admin overview dashboard — global class utilization charts, live payroll estimation tracker, member churn risk list (3 members in red). Right monitor: dark-mode trainer mobile app emulator — daily schedule UI (5 green booked slots, 1 grey open slot), detailed client profile view with injury notes, large 'Log Session' button. EcoFlow unit on floor, green LED. Afternoon sunlight casting sharp shadows across the desk. Potted Monstera plant nearby. No person visible. 8k, premium tech lifestyle photography.","The app that runs the gym floor.","Ready","Day 3 — Fri July 11","Slot-8","6:30pm"
"27","Build. Scale. Ship. — Software Studio","Why E-Commerce Brands Outgrow Shopify After $1M | Retail Tech 2026","Save this for your e-commerce business and retail technology board. Shopify is the greatest launchpad in the history of retail. But for brands with complex products, it eventually becomes a ceiling. Once an e-commerce brand passes $1M in revenue and begins offering heavily customizable products, wholesale tiers, or complex bundling, the Shopify app ecosystem stops being helpful and starts becoming a fragile, slow, expensive house of cards. 12 different third-party apps duct-taped together slowing down the page load speed and conflicting with each other. The solution is migrating to a custom headless commerce architecture: a bespoke, lightning-fast frontend built exactly for the brand's customer journey, backed by a robust inventory API. Our studio handles these exact migrations for brands that have hit the off-the-shelf ceiling. Save this before it disappears from your feed. #EcommerceTech #ShopifyMigration #BuildScaleShip #HeadlessCommerce #TechConsulting #SaaSFounder #RetailSoftware","A dark editorial infographic on a charcoal background explaining why e-commerce brands outgrow Shopify when they require complex bundling or wholesale tiers. Bold white title, amber points on app ecosystem fragility, red page speed cost, teal headless commerce solution, green footer. Outfit font on dark background.","Style B Dynamic Viral. Dark editorial infographic design. Deep charcoal background (#1a1a2e). Bold white title: 'When Your Brand Outgrows Shopify'. Amber (#f59e0b) subtitle: 'The E-Commerce Scaling Ceiling — 2026'. Three red problem rows: 'Complex bundling requires 4 conflicting third-party apps', 'Page load speed drops by 2.4 seconds due to app bloat', 'Wholesale pricing tiers require manual workarounds'. Teal solution block: 'Custom Headless Commerce — bespoke lightning-fast frontend, unified inventory API, zero app conflicts.' Green footer: 'Stop duct-taping apps. Build the exact store you need.' Outfit font. 9:16 vertical, no photography.","Stop duct-taping apps together.","Ready","Day 3 — Fri July 11","Slot-9","9:00pm"
"28","Future Living & Off-Grid Tech","Glass Pontoon Boathouse Olympic Peninsula Misty Dawn | Mirror Symmetry 2026","Save this for your off-grid floating architecture board. The Pacific Northwest provides the perfect conditions for mirror-symmetry architecture: sheltered inlets, towering dark forests to block the wind, and heavy morning mist. This glass pontoon boathouse sits in an inlet on the Olympic Peninsula. It is a perfect rectangular prism of glass floating on steel pontoons. The water is absolute glass. The entire structure, the dense old-growth cedar shoreline, and the grey-white mist above are reflected flawlessly in the water below. A warm amber glow radiates from the interior, where an EcoFlow Delta Pro sits on the dark wood floor. The horizon line is completely lost in the reflection. It is a building suspended in a void of water and mist. Save this before it disappears from your feed. #GlassBoathouse #WatercraftArchitecture #OffGridLiving #FutureLiving #OlympicPeninsula #EcoFlow #MirrorSymmetry","A rectangular glass boathouse on steel pontoons sits in a sheltered Olympic Peninsula inlet at dawn. The water is perfectly still, reflecting the boathouse, the dark cedar shoreline, and the grey-white mist flawlessly. A warm amber glow radiates from the interior, showing an EcoFlow Delta Pro on the floor. The horizon line is lost in the reflection. No people visible.","Hyper-realistic 9:16 vertical photo, Style A Quiet Luxury. Rectangular glass boathouse on steel pontoons floating in a sheltered inlet, Olympic Peninsula, Washington. Perfect mirror-still dark water. Total absolute symmetry — the glass structure, dense old-growth cedar shoreline, and grey-white morning mist reflected flawlessly in the water below, blurring the horizon line entirely. Warm amber interior lighting glowing through the floor-to-ceiling glass. EcoFlow Delta Pro on the interior dark wood floor, green LED. Heavy atmospheric mist. No people visible. 8k, cinematic architectural photography, flawless reflection.","Suspended in water and mist.","Ready","Day 4 — Sat July 12","Slot-1","7:30am"
"29","Smart Pet Wellness","Leopard Cat Borneo Rainforest Stream Dawn | Wilderkind Jungle Hunter 2026","Save this for your Wilderkind and small wild cat photography board. The leopard cat is a small, widely distributed Asian wild cat that thrives in dense jungle and always lives near water. It is an exceptional swimmer and hunts amphibians and fish as readily as rodents. This leopard cat is crouched on a moss-covered boulder in a Borneo rainforest stream at dawn. Its coat is beautifully marked with dark, distinct rosettes on a tawny-yellow background. The morning light filters through the dense jungle canopy in distinct god-rays, one of which hits the cat's back. Its large, dark amber eyes are focused intently on the flowing water just inches below its paws. This is the ultimate jungle micro-predator. Save this before it disappears from your feed. #Wilderkind #LeopardCat #WildlifePhotography #PredatorPortrait #Borneo #AnimalPhotography #JungleCat","A leopard cat crouches on a moss-covered boulder in a Borneo rainforest stream at dawn. Its tawny-yellow coat with dark distinct rosettes is highlighted by a sunbeam filtering through the dense jungle canopy. Its large dark amber eyes focus intently on the flowing water below. No people visible.","Hyper-realistic 9:16 vertical photo, Style A Quiet Luxury. Wilderkind aesthetic. Leopard cat crouched alertly on a wet, moss-covered boulder in a shallow Borneo rainforest stream at dawn. Tawny-yellow coat heavily marked with distinct dark rosettes and spots. Large, dark amber eyes focused intently on the rushing water below. Dense, dark green jungle canopy background with distinct rays of morning sunlight (god-rays) cutting through the mist, one ray illuminating the cat's back. Flowing water blurring slightly in the foreground. Shot from stream level. No people. 8k, wildlife documentary photography, rainforest dawn atmosphere.","Jungle micro-predator at the water's edge.","Ready","Day 4 — Sat July 12","Slot-2","9:30am"
"30","Future Living & Off-Grid Tech","Corten Steel and Concrete Earth-Sheltered Home Utah | Architectural Threshold 2026","Save this for your Corten steel and earth-sheltered architecture board. To build in the high desert without ruining the landscape, you must build into it. This earth-sheltered home in southern Utah is cut directly into a sandstone ridge. From the approach, the only visible architecture is the entrance threshold: a massive retaining wall of raw, board-formed concrete intersecting with an oversized Corten steel pivot door and a Corten steel canopy. The rust of the steel echoes the red dirt; the grey concrete grounds it. The door is slightly ajar, revealing a warm, lit interior hall. An EcoFlow system sits just inside the door, managing the off-grid solar array hidden on the ridge above. It is a bunker designed by an artist. Save this before it disappears from your feed. #CortenSteel #MetalArt #EarthSheltered #FutureLiving #UtahDesert #SustainableArchitecture #OffGridLiving","An earth-sheltered home cut into a sandstone ridge in southern Utah. The entrance features a massive raw board-formed concrete retaining wall, an oversized oxidised Corten steel pivot door, and a Corten canopy. The door is slightly ajar showing a warm lit interior and an EcoFlow system. The rust steel and grey concrete blend with the red dirt landscape. No people visible.","Hyper-realistic 9:16 vertical photo, Style A Quiet Luxury. Entrance threshold of an earth-sheltered home built into a sandstone ridge, southern Utah desert. Massive raw board-formed concrete retaining wall intersecting with a 10-foot tall Corten steel pivot door and Corten canopy. Steel is fully oxidised rust-orange. Door is open slightly, revealing a warm amber-lit interior hallway. EcoFlow Delta Pro visible just inside the entrance, green LED. Red desert dirt and sparse scrub surrounding the entrance. The structure disappears into the hill behind the facade. Harsh midday sun, sharp shadows. No people visible. 8k, architectural photography, brutalist earth-sheltered design.","A bunker designed by an artist.","Ready","Day 4 — Sat July 12","Slot-3","11:00am"
"31","Smart Pet Wellness","Alaskan Malamute Yukon Snow Forest Golden Hour | Heavy Freight Dog 2026","Save this for your adventure dog and working breed photography board. The Alaskan Malamute is not a racing sled dog; it is a heavy freighting dog, built for immense power and endurance over brutal terrain, not sprinting. It is a dog of deep chests, heavy bone, and thick double coats. This grey-and-white Malamute is standing in a snow-heavy pine forest in the Yukon Territory during the intense golden hour of a sub-arctic afternoon. The low-angle sun sets the dog's thick coat glowing with a warm halo against the blue shadows of the snow. The dog's broad head and dark, almond-shaped eyes project a profound, quiet strength. It is looking back over its shoulder, breath pluming in the freezing air. No leash. No person. Save this before it disappears from your feed. #AdventureDog #AlaskanMalamute #DogPhotography #Yukon #WorkingDog #AnimalPhotography #SnowDog","A massive grey-and-white Alaskan Malamute stands in a snow-heavy Yukon pine forest at golden hour. The low-angle sun creates a warm halo around the dog's thick double coat against the blue snow shadows. The dog looks back over its shoulder, its breath pluming in the freezing air. Broad head and dark almond eyes show quiet strength. No leash or person visible.","Hyper-realistic 9:16 vertical photo, Style A Quiet Luxury. Massive grey-and-white Alaskan Malamute standing in a dense, snow-covered pine forest in the Yukon Territory. Intense golden hour light from a very low sub-arctic sun, backlighting the dog and creating a warm glowing halo around its thick, dense double coat. Deep blue shadows on the snow. Dog looking back over its shoulder, dark almond-shaped eyes, broad powerful head. Breath pluming visibly in the freezing air. Deep snow on the ground. Low camera angle emphasizing heavy bone and power. No leash, no person visible. 8k, working dog adventure photography, freezing winter light.","Built for freight, not for speed.","Ready","Day 4 — Sat July 12","Slot-4","12:30pm"
"32","Build. Scale. Ship. — Software Studio","Automotive Repair Shop Diagnostics Software | Mobile Mechanic Tech 2026","Save this for your software studio and automotive technology board. This is the member-facing side of the auto repair ecosystem the studio built — designed specifically for mobile mechanics and modern independent shops. Left monitor: the mechanic's iPad dashboard — showing the daily route map, current vehicle diagnostic history drawn via OBD2 API integration, and a parts-ordering interface linked to local suppliers. Right monitor: the customer mobile app — showing a real-time status tracker (Diagnostics -> Parts Ordered -> Repairing -> Ready), a digital invoice, and a service history log. The studio is a clean, industrial space in Denver, with Rocky Mountain foothills visible out the window. No person visible. Software that turns a grease monkey into a technology business. Save this before it disappears from your feed. #AutomotiveSoftware #BuildScaleShip #SoftwareStudio #MechanicTech #TechConsulting #FreelanceDev #ShopManagement","A premium software studio workspace with two monitors on a desk in a Denver industrial loft. The left monitor shows a mechanic's iPad dashboard with route maps, OBD2 diagnostic history, and parts ordering. The right monitor shows a customer mobile app with a real-time repair status tracker and digital invoice. Rocky Mountain foothills are visible through the window. No person visible.","Hyper-realistic 9:16 vertical photo, Style A Quiet Luxury. Premium software studio workspace, industrial loft in Denver, Colorado. Two wide monitors on a desk. Left monitor: mechanic diagnostic dashboard — daily route map with pins, vehicle OBD2 diagnostic readout charts, local parts supplier integration screen. Right monitor: customer mobile app UI — real-time repair status tracker (highlighted 'Parts Ordered'), digital itemized invoice, vehicle service history log. EcoFlow unit on floor, green LED. Rocky Mountain foothills visible through the window in afternoon light. No person visible. 8k, premium tech lifestyle photography.","Turn the wrench. We track the rest.","Ready","Day 4 — Sat July 12","Slot-5","1:00pm"
"33","Future Living & Off-Grid Tech","Airstream Trailer Glass Garage Enclosure Desert | Camper Architecture 2026","Save this for your luxury camper and off-grid architecture board. When you want to protect a vintage Airstream from the brutal Mojave Desert sun but still live in it, you build a display case. This project encloses a pristine 1970s polished aluminium Airstream within a minimalist steel-and-glass pavilion. The pavilion provides a secondary climate envelope and a massive shaded patio, while the Airstream serves as the primary bedroom and kitchen. The Airstream's curved, mirrored surface reflects the severe rectangular geometry of the glass pavilion and the harsh desert landscape outside. An EcoFlow system powers the pavilion's climate control, keeping the Airstream perfectly cool. It is the ultimate hybrid of nomadic vehicle and permanent architecture. Save this before it disappears from your feed. #CampersAndRV #Airstream #GlassArchitecture #FutureLiving #OffGridLiving #MojaveDesert #EcoFlow","A pristine polished aluminium Airstream trailer is enclosed within a minimalist steel-and-glass pavilion in the Mojave Desert. The pavilion acts as a climate envelope and shaded patio. The Airstream's curved mirrored surface reflects the rectangular glass pavilion and the desert landscape. An EcoFlow system is visible inside the pavilion. No people visible.","Hyper-realistic 9:16 vertical photo, Style A Quiet Luxury. Pristine vintage polished aluminium Airstream trailer parked permanently inside a minimalist steel-and-glass architectural pavilion, Mojave Desert. The pavilion provides a full glass enclosure and a large shaded overhang. The curved, highly reflective aluminium skin of the Airstream reflects the sharp steel framing of the pavilion and the barren desert outside. Warm interior lighting inside the Airstream. EcoFlow Delta Pro on the concrete floor of the pavilion, green LED. Harsh, bright desert sunlight outside. No people visible. 8k, architectural and RV integration photography.","A display case for an icon.","Ready","Day 4 — Sat July 12","Slot-6","2:00pm"
"34","Smart Pet Wellness","Eurasian Lynx Taiga Forest Snowfall Winter | Wilderkind Apex Predator 2026","Save this for your Wilderkind and big wild cat photography board. The Eurasian lynx is the largest of the lynx species, a massive, powerful predator of the northern taiga forests. With its huge, snowshoe-like paws, long ear tufts, and thick spotted coat, it is perfectly adapted for hunting deep in the snow. This Eurasian lynx is walking through a dense Siberian taiga forest during a heavy snowfall. The muted, grey-white winter light softens the contrast of its spots. Its yellow eyes are focused intently forward, ears swiveled to catch the sound of prey under the snow. The massive paws are clearly visible, spreading its weight on the fresh powder. It is a ghost in the winter woods. Save this before it disappears from your feed. #Wilderkind #EurasianLynx #WildlifePhotography #PredatorPortrait #Taiga #AnimalPhotography #WinterCat","A massive Eurasian lynx walks through a dense Siberian taiga forest during a heavy snowfall. The grey-white winter light softens the spots on its thick coat. Its yellow eyes look forward, and long ear tufts are prominent. Its huge snowshoe-like paws spread its weight on the fresh snow. No people visible.","Hyper-realistic 9:16 vertical photo, Style A Quiet Luxury. Wilderkind aesthetic. Massive Eurasian lynx walking through deep snow in a dense Siberian taiga pine forest during heavy snowfall. Thick, plush winter coat with muted spots. Distinctive long black ear tufts and pronounced facial ruff. Huge, oversized, fur-covered paws stepping lightly on the snow surface. Yellow eyes focused intently forward. Muted, low-contrast grey-white winter lighting. Heavy snowflakes falling in the foreground. Shot from a low angle. No people. 8k, wildlife documentary photography, deep winter atmosphere.","The ghost of the taiga.","Ready","Day 4 — Sat July 12","Slot-7","3:30pm"
"35","Build. Scale. Ship. — Software Studio","E-Commerce Custom Headless Build Studio | Retail Software Migration 2026","Save this for your software studio and retail technology board. This is what happens when a brand outgrows Shopify. A complete headless commerce migration for a $5M/year outdoor gear retailer. Left monitor: the React frontend architecture — lightning fast, highly visual, featuring a custom 3D product configurator for modular backpacks, rendering at 60fps in the browser. Right monitor: the backend admin console — unifying three different warehouses, a B2B wholesale portal with custom pricing tiers, and a real-time analytics dashboard showing conversion rates up 1.8% since launch. The studio is a timber-framed loft in Portland, Oregon, rain hitting the skylights. No person visible. Software that scales when off-the-shelf breaks. Save this before it disappears from your feed. #EcommerceTech #HeadlessCommerce #BuildScaleShip #SoftwareStudio #TechConsulting #FreelanceDev #ShopifyMigration","A premium software studio workspace with two monitors on a desk in a Portland timber-framed loft. The left monitor shows a custom React frontend with a 3D backpack product configurator. The right monitor shows a backend admin console with unified warehouse inventory and B2B wholesale pricing tiers. Rain is hitting the skylights. No person visible.","Hyper-realistic 9:16 vertical photo, Style A Quiet Luxury. Premium software studio workspace, timber-framed loft in Portland, Oregon. Two wide monitors on a desk. Left monitor: headless commerce React frontend — sleek UI featuring a 3D interactive product configurator for outdoor backpacks. Right monitor: backend admin console — unified multi-warehouse inventory dashboard, B2B wholesale pricing tier management, conversion rate analytics graph showing an upward trend. EcoFlow unit on floor, green LED. Grey, rainy Pacific Northwest daylight coming through large skylights. No person visible. 8k, premium tech lifestyle photography.","When the brand outgrows the template.","Ready","Day 4 — Sat July 12","Slot-8","6:30pm"
"36","Build. Scale. Ship. — Software Studio","Why Generic CRM Systems Fail Property Managers | Real Estate Tech 2026","Save this for your real estate business and PropTech strategy board. A generic CRM is designed to track a sales pipeline: Lead -> Prospect -> Closed. A property manager does not have a pipeline; they have a web of ongoing, cyclical relationships. Tenant, Landlord, Contractor, Unit. A generic CRM cannot easily link a broken boiler (Unit) to the plumber who fixes it (Contractor) while updating the owner (Landlord) and pausing rent collection (Tenant). When property managers try to force their business into Salesforce or HubSpot, they end up with a mess of custom fields and manual workarounds. A custom PropTech system is built around the actual relational data model of real estate. Everything connects to the Unit. Our studio builds systems that map exactly to how property managers actually work. Save this before it disappears from your feed. #RealEstateSoftware #PropTech #BuildScaleShip #PropertyManagement #TechConsulting #SaaSFounder #CustomCRM","A dark editorial infographic on a charcoal background explaining why generic CRMs fail property managers. Bold white title, amber points on sales pipeline vs real estate relational models, red workaround costs, teal custom PropTech solution, green footer. Outfit font on dark background.","Style B Dynamic Viral. Dark editorial infographic design. Deep charcoal background (#0d0d1a). Bold white title: 'Why Generic CRMs Fail Property Managers'. Amber (#f59e0b) subtitle: 'PropTech Data Models — 2026'. Three comparison rows: red — 'Generic CRM: built for linear sales pipelines (Lead -> Closed)', red — 'Forces awkward custom fields to link Tenants, Landlords, and Contractors', teal — 'Custom PropTech: built around the UNIT as the central hub'. Solution block teal: 'Everything connects organically. Unit -> Tenant -> Contractor -> Landlord.' Green footer: 'Stop forcing your business into a sales tool. Build a management tool.' Outfit font. 9:16 vertical, no photography.","Don't force a square CRM into a round property.","Ready","Day 4 — Sat July 12","Slot-9","9:00pm"
"37","Future Living & Off-Grid Tech","Glass Boathouse Mirror Lake Reflections | Absolute Watercraft Symmetry 2026","Save this for your off-grid waterfront and mirror architecture board. The ultimate achievement in waterfront architecture is when the building seems to dematerialize into the landscape. This glass boathouse on a serene lake in upstate New York achieves this through absolute symmetry. A simple steel-framed glass rectangle floating on a dark timber dock, captured at exactly the moment of dawn when the water is flawlessly still. The reflection is so perfect that the image could be turned upside down without anyone noticing. The warm amber interior and the EcoFlow Delta Pro power station inside are perfectly duplicated in the water. The surrounding autumn forest of gold and red is reflected twice. No ripples. No wind. Total stillness. Save this before it disappears from your feed. #GlassBoathouse #WatercraftArchitecture #MirrorSymmetry #FutureLiving #OffGridLiving #EcoFlow #UpstateNY","A rectangular glass boathouse on a timber dock sits on a serene upstate New York lake at dawn. The water is flawlessly still, creating an absolute perfect mirror reflection of the boathouse, the warm amber interior, an EcoFlow Delta Pro, and the surrounding red and gold autumn forest. The image exhibits total, flawless symmetry. No people visible.","Hyper-realistic 9:16 vertical photo, Style A Quiet Luxury. Simple rectangular glass boathouse with a black steel frame on a dark timber dock, pristine upstate New York lake at dawn. Flawless, absolute mirror symmetry in the perfectly still water — the image could be inverted without breaking the illusion. Warm amber interior lighting glowing through the glass. EcoFlow Delta Pro on the interior floor, green LED, duplicated exactly in the reflection. Surrounding autumn forest in vibrant red and gold tones reflected perfectly in the lake. Crisp, cold morning light. No people visible. 8k, cinematic architectural photography, flawless reflection.","So still you could hang it upside down.","Ready","Day 5 — Sun July 13","Slot-1","7:30am"
"38","Smart Pet Wellness","Bobcat Winter Forest Snowfall | Wilderkind North American Predator 2026","Save this for your Wilderkind and wild cat photography board. The bobcat is the most successful wild cat in North America, adaptable, resilient, and virtually invisible in its natural habitat. With its tufted ears, ruffed face, and short 'bobbed' tail, it is perfectly camouflaged in the brush and snow. This bobcat is sitting quietly on a fallen, snow-covered log in a dense New England forest during a light winter snowfall. Its coat, a mix of grey, brown, and muted spots, blends seamlessly with the winter woods. Its pale yellow eyes are sharp and focused, tracking a sound under the snow. It is completely at peace in the freezing cold. Save this before it disappears from your feed. #Wilderkind #Bobcat #WildlifePhotography #PredatorPortrait #NewEngland #AnimalPhotography #WinterCat","A bobcat sits quietly on a fallen, snow-covered log in a dense New England forest during a light snowfall. Its grey and brown spotted coat blends seamlessly with the winter woods. Tufted ears and a ruffed face are prominent. Pale yellow eyes are sharp and focused. No people visible.","Hyper-realistic 9:16 vertical photo, Style A Quiet Luxury. Wilderkind aesthetic. Bobcat sitting alertly on a snow-covered fallen log in a dense New England birch and pine forest. Light winter snowfall. Coat is a mix of grey, brown, and muted spots, providing perfect winter camouflage. Distinctive short black-tipped ear tufts and pronounced facial ruff. Pale yellow eyes focused sharply to the right. Soft, diffused grey winter daylight. Snow accumulating lightly on the cat's fur. Shot from slightly below eye level. No people. 8k, wildlife documentary photography, quiet winter atmosphere.","Invisible in the winter woods.","Ready","Day 5 — Sun July 13","Slot-2","9:30am"
"39","Future Living & Off-Grid Tech","Glulam Timber Bridge Structure Details | Educational Wood Architecture 2026","Save this for your educational architecture and structural timber board. When engineered wood is used to span a distance, the scale of the material commands respect. This is a detail shot of the abutment of a massive glulam (glued laminated timber) pedestrian bridge in a Pacific Northwest rainforest. The massive curved glulam beams, warm amber with visible lamination lines, rest on a raw, brutalist concrete pier. The connection is made with heavy, custom-cast steel brackets and enormous bolted pins. Every part of the structural load path — from wood to steel to concrete to earth — is explicitly visible and beautifully detailed. An EcoFlow system on the concrete pier powers the bridge's integrated LED deck lighting. Save this before it disappears from your feed. #GlulamArchitecture #EducationalArchitecture #TimberArchitecture #FutureLiving #StructuralDesign #Woodworking #PNWArchitecture","A detail shot of the abutment of a massive glulam timber pedestrian bridge in a Pacific Northwest rainforest. Massive curved amber glulam beams rest on a raw concrete pier, connected by heavy cast-steel brackets and enormous bolts. The structural load path is clearly visible. An EcoFlow system sits on the concrete pier. No people visible.","Hyper-realistic 9:16 vertical photo, Style A Quiet Luxury. Architectural detail of a massive glulam (glued laminated timber) pedestrian bridge abutment in a damp Pacific Northwest rainforest. Massive, curved, warm amber glulam beams showing distinct lamination lines. Beams rest on a raw, board-formed concrete pier. Connection made via heavy, unpainted, custom-cast steel brackets and oversized steel pin bolts. Educational architecture: the transfer of load from timber to steel to concrete is explicitly detailed. EcoFlow Delta Pro sitting on the concrete pier, green LED. Damp, green rainforest background. Soft overcast lighting. No people visible. 8k, structural detail photography, timber engineering.","Timber, steel, concrete. The load path.","Ready","Day 5 — Sun July 13","Slot-3","11:00am"
"40","Smart Pet Wellness","Great Pyrenees High Pyrenees Mountains Summer | Giant Livestock Guardian 2026","Save this for your adventure dog and giant breed photography board. The Great Pyrenees was bred to live alone with flocks of sheep high in the mountains between France and Spain, defending them against wolves and bears. It is a dog of immense size, weather-resistant white coat, and independent intelligence. This Great Pyrenees is standing on a lush, green alpine ridge in the high Pyrenees mountains during summer. The vast, jagged peaks stretch into the distance behind the dog under a brilliant blue sky. The dog's thick white coat catches the bright alpine sun. Its dark eyes survey the valleys below with a calm, proprietary gaze. No leash. No person. A mountain dog standing guard over its ancestral landscape. Save this before it disappears from your feed. #AdventureDog #GreatPyrenees #DogPhotography #PyreneesMountains #GiantBreed #AnimalPhotography #MountainDog","A massive white Great Pyrenees dog stands on a lush green alpine ridge in the high Pyrenees mountains during summer. Jagged peaks stretch into the distance under a brilliant blue sky. The dog's thick white coat gleams in the bright alpine sun. Dark eyes survey the valley calmly. No leash or person visible.","Hyper-realistic 9:16 vertical photo, Style A Quiet Luxury. Massive white Great Pyrenees standing guard on a lush green alpine ridge in the high Pyrenees mountains, summer. Immense size, thick weather-resistant white coat gleaming in the bright alpine sunlight. Dark, soulful eyes surveying the valleys below with a calm, confident expression. Jagged, dramatic mountain peaks stretching into the distance under a clear, vivid blue sky. Alpine wildflowers in the foreground grass. Low camera angle emphasizing the dog's majestic stature against the landscape. No leash, no person visible. 8k, giant breed adventure dog photography, alpine summer.","The white guardian of the high peaks.","Ready","Day 5 — Sun July 13","Slot-4","12:30pm"
"41","Build. Scale. Ship. — Software Studio","Automotive Repair Shop Software Implementation | Auto Tech Build 2026","Save this for your software studio and automotive business board. The moment of truth for custom software is when it hits the shop floor. This is the deployment day for a custom repair management system at an independent European auto specialist. Left monitor (on a rolling tool cart): the mechanic's view — a digital job card showing torque specs for a Porsche 911 engine rebuild, linked directly to the live repair ticket. Right monitor (at the service desk in the background): the service advisor's view — a live feed of all 6 bays, parts inventory status, and automated customer SMS updates. The shop is immaculately clean, brightly lit, with a disassembled engine in the foreground. No person visible. The system bridging the wrench and the front desk. Save this before it disappears from your feed. #AutomotiveSoftware #BuildScaleShip #SoftwareStudio #AutoRepairTech #TechConsulting #FreelanceDev #ShopManagement","A software deployment in a clean European auto repair shop. The left monitor on a rolling tool cart shows a mechanic's digital job card with torque specs for a Porsche engine. In the background, a right monitor at the service desk shows a live bay overview and parts status. A disassembled engine is in the foreground. No person visible.","Hyper-realistic 9:16 vertical photo, Style A Quiet Luxury. Software deployment in a pristine, brightly lit European auto repair specialist shop. Foreground: a ruggedized monitor mounted on a red rolling tool cart, displaying a mechanic's digital job card with technical torque specs for a Porsche engine rebuild. Beside the cart, a meticulously disassembled engine on a stand. Background (slightly out of focus): the glass-walled service desk with a wide monitor displaying a live 6-bay overview dashboard, parts inventory, and SMS queue. EcoFlow unit powering the mobile cart monitor, green LED. Immaculate epoxy shop floor. No person visible. 8k, premium tech lifestyle photography, industrial setting.","Bridging the wrench and the front desk.","Ready","Day 5 — Sun July 13","Slot-5","1:00pm"
"42","Future Living & Off-Grid Tech","Corten Steel Pivot Door Details Desert Canyon | Metal Art Architecture 2026","Save this for your Corten steel and architectural detail board. The entrance to an earth-sheltered home in the desert should feel as permanent as the geology around it. This is a mid-distance detail shot of a massive Corten steel pivot door set into a red sandstone canyon wall in Sedona. The door is slightly ajar, pivoting perfectly on its central axis, demonstrating its immense weight and balance. The entire surface is a rich, textured rust-orange that perfectly mimics the surrounding Navajo sandstone. The interior hallway, warmly lit in amber, is visible through the opening. The precision of the steel against the raw, jagged rock face creates the perfect architectural tension. Save this before it disappears from your feed. #CortenSteel #MetalArt #PivotDoor #FutureLiving #Sedona #ArchitecturalEntrance #OffGridLiving","A mid-distance detail shot of a massive Corten steel pivot door set into a red sandstone canyon wall in Sedona. The heavy rust-orange door is slightly ajar on its central axis, revealing a warm amber-lit interior hallway. The precision of the steel contrasts with the raw jagged Navajo sandstone rock face. No people visible.","Hyper-realistic 9:16 vertical photo, Style A Quiet Luxury. Mid-distance detail of a massive Corten steel pivot door set into a raw red Navajo sandstone canyon wall, Sedona. The door is thick, heavy, and fully oxidised to a rich rust-orange, perfectly mimicking the colour of the surrounding rock. It is open at a 15-degree angle on its central pivot axis, revealing a sleek, warm amber-lit interior hallway. The sharp, precise geometry of the steel door contrasts strongly with the jagged, organic texture of the canyon rock. High-desert afternoon light casting strong shadows. No people visible. 8k, architectural detail photography, desert modernism.","Steel that belongs to the stone.","Ready","Day 5 — Sun July 13","Slot-6","2:00pm"
"43","Smart Pet Wellness","Bengal Cat Indoor Jungle Conservatory | Spotted Indoor Luxury Cat 2026","Save this for your indoor luxury cat and architectural interior photography board. The Bengal cat is the result of crossing domestic cats with the Asian leopard cat — bringing the rosettes and the wild agility of the jungle directly into the living room. This Bengal is prowling across a massive, live-edge walnut dining table in a glass-walled conservatory filled with towering Monstera and Ficus plants in a Seattle home. The overcast Pacific Northwest light filters through the glass and leaves, creating dappled shadows on the cat's highly contrasted, glittering gold-and-black spotted coat. Its green eyes are wide and alert. It is a domestic cat perfectly matching its designed, indoor-jungle environment. Save this before it disappears from your feed. #BengalCat #LuxuryCat #IndoorCat #CatPhotography #SmartPetWellness #Conservatory #ArchitecturalInterior","A Bengal cat prowls across a massive live-edge walnut dining table in a glass-walled conservatory filled with large tropical plants in a Seattle home. Overcast light filters through the leaves, casting dappled shadows on the cat's highly contrasted gold-and-black spotted coat. Its green eyes are wide and alert. No people visible.","Hyper-realistic 9:16 vertical photo, Style A Quiet Luxury. Bengal cat prowling across a massive live-edge walnut dining table inside a modern glass-walled conservatory. The conservatory is filled with lush, large-leaf tropical plants (Monstera, Ficus). Overcast, diffused Seattle daylight filtering through the glass ceiling and plant leaves, creating dappled shadows on the table and the cat. The cat's coat is highly contrasted: glittering gold background with sharp, dark rosettes. Sleek, muscular build, alert green eyes. Polished concrete floor visible below. No people visible. 8k, luxury pet lifestyle photography, indoor jungle aesthetic.","A wild coat for a domestic jungle.","Ready","Day 5 — Sun July 13","Slot-7","3:30pm"
"44","Build. Scale. Ship. — Software Studio","Logistics Fleet Management Dashboard Studio | Operations Tech Build 2026","Save this for your software studio and operations technology board. This is the build — a custom fleet management and routing dashboard for a regional logistics company running 45 delivery vans. Left monitor: the live operations view — a dark-mode map of the city with real-time GPS pings for all 45 vans, color-coded by schedule adherence (green for on-time, red for delayed), and a live fuel efficiency metric. Right monitor: the driver mobile app in an emulator — showing the optimized turn-by-turn route, digital signature capture for drop-offs, and an instant dispatch chat interface. The studio is a high-rise glass office in Atlanta, the sprawling city grid visible below in the afternoon sun. No person visible. Software that moves things in the real world. Save this before it disappears from your feed. #LogisticsTech #BuildScaleShip #SoftwareStudio #OperationsManagement #TechConsulting #FreelanceDev #FleetManagement","A premium software studio workspace with two monitors on a desk in an Atlanta high-rise office. The left monitor shows a fleet management dashboard with a dark-mode map tracking 45 delivery vans with GPS pings. The right monitor shows a driver mobile app with optimized routes and signature capture. The sprawling Atlanta city grid is visible below. No person visible.","Hyper-realistic 9:16 vertical photo, Style A Quiet Luxury. Premium software studio workspace, high-rise glass office in Atlanta. Two wide monitors on a desk. Left monitor: fleet management dashboard — dark-mode city map with 45 live GPS pings for delivery vans (green dots = on time, red dots = delayed), live fleet fuel efficiency metrics, active route progress bars. Right monitor: driver mobile app emulator — optimized turn-by-turn route list, digital signature capture pad UI, instant dispatch chat window. EcoFlow unit on floor, green LED. Atlanta city grid and highway network visible below through the window in bright afternoon sun. No person visible. 8k, premium tech lifestyle photography.","45 vans. One map. Total visibility.","Ready","Day 5 — Sun July 13","Slot-8","6:30pm"
"45","Build. Scale. Ship. — Software Studio","Stop Using Spreadsheets for Physical Operations | SME Logistics 2026","Save this for your business operations and logistics strategy board. Spreadsheets are excellent calculators and terrible dispatchers. When a business relies on physical operations — moving vans, scheduling technicians, routing deliveries — managing that movement in a static spreadsheet guarantees chaos. A driver misses a stop because the sheet didn't refresh. A dispatcher spends three hours manually routing 40 stops. A customer calls for an ETA and the staff has to call the driver to find out. A custom operations web application replaces this static friction with dynamic reality: algorithmic routing, live GPS tracking, automated customer ETAs, and digital proof of delivery. Our studio builds the central nervous system for businesses that move in the real world. Save this before it disappears from your feed. #OperationsManagement #LogisticsTech #BuildScaleShip #SmallBusinessTech #DigitalTransformation #TechConsulting #SaaSFounder","A dark editorial infographic on a charcoal background explaining why spreadsheets fail for physical logistics and operations. Bold white title, amber points on static friction, red time-loss metrics, teal dynamic software solution, green footer. Outfit font on dark background.","Style B Dynamic Viral. Dark editorial infographic design. Deep charcoal background (#1a1a2e). Bold white title: 'Spreadsheets Are Terrible Dispatchers'. Amber (#f59e0b) subtitle: 'Physical Operations Tech — 2026'. Three red problem rows: 'Manual routing takes 3 hours of dispatcher time daily', 'Static sheets don't update when a driver hits traffic', 'Customers call the office for ETAs because there is no live tracking'. Teal solution block: 'Custom Operations App — algorithmic routing, live GPS, automated customer SMS ETAs, digital proof of delivery.' Green footer: 'Stop managing static data. Start managing reality.' Outfit font. 9:16 vertical, no photography.","Stop managing static data. Start managing reality.","Ready","Day 5 — Sun July 13","Slot-9","9:00pm"
